https://viewlogies-media.s3-us-west-1.amazonaws.com/logos/evans-brown.png,Evans Brown Mortuaries ,/evans-brown,https://www.viewlogies.net/evans-brown/mC2iMQMPm,300046,"SUNDAY, JUNE 4, 2023"
https://viewlogies-media.s3-us-west-1.amazonaws.com/logos/darling-fischer.png,Darling & Fischer ,/darling-fischer,https://www.viewlogies.net/darling-fischer/LAaI0Mqje,300259,"SATURDAY, MARCH 26, 2022"
https://viewlogies-media.s3.us-west-1.amazonaws.com/logos/Funeral-Chapel-SD.png,Salser and Dillard ,/salser-and-dillard,https://www.viewlogies.net/salser-and-dillard/tAGHGagAA,300438,"TUESDAY, MAY , 03"
https://viewlogies-media.s3.us-west-1.amazonaws.com/logos/mount-sinai-logo.png,Mount Sinai Memorial Parks and Mortuary ,/mountsinaiparks,https://www.viewlogies.net/mountsinaiparks/LIrU827ly,300537,"TUESDAY, JANUARY 24, 202"
https://viewlogies-media.s3-us-west-1.amazonaws.com/logos/cypress-lawn.png,Cypress Lawn ,/cypress-lawn,https://www.viewlogies.net/cypress-lawn/0qQ6aoX0J,300863,"FRIDAY, SEPTEMBER 8, 2023"
https://viewlogies-media.s3-us-west-1.amazonaws.com/logos/cypress-lawn.png,Cypress Lawn ,/cypress-lawn,https://www.viewlogies.net/cypress-lawn/GvNs3xZjq,301387,"FRIDAY, AUGUST 4, 2023"
https://viewlogies-media.s3-us-west-1.amazonaws.com/logos/cypress-lawn.png,Cypress Lawn ,/cypress-lawn,https://www.viewlogies.net/cypress-lawn/FCFOXKmZq,301440,"MONDAY, MAY 22, 2023"
https://viewlogies-media.s3-us-west-1.amazonaws.com/logos/holy-cross-phoenix.png,Holy Cross Catholic Cemetery & Funeral Home ,/holy-cross-phoenix,https://www.viewlogies.net/holy-cross-phoenix/7zFQqmeqp,301754,"MONDAY, MAY 8, 2023"
https://viewlogies-media.s3-us-west-1.amazonaws.com/logos/roses.png,Fremont Chapel of the Roses & Fremont Memorial Chapel ,/fremont,https://www.viewlogies.net/fremont/Oo_6CmYfx,302377,"MONDAY, APRIL 26, 2021"
https://viewlogies-media.s3-us-west-1.amazonaws.com/logos/higgins.png,Higgins Mortuary ,/higgins,https://www.viewlogies.net/higgins/_RlxyqK_e,302884,"THURSDAY, JANUARY 1, 03"
https://viewlogies-media.s3-us-west-1.amazonaws.com/logos/spangler.png,Spangler Mortuaries ,/spangler,https://www.viewlogies.net/spangler/jICyakXcg,303340,"FRIDAY, OCTOBER 27, 2023"
https://viewlogies-media.s3-us-west-1.amazonaws.com/logos/east-lawn.png,East Lawn - East Sac ,/east-lawn-east-sac,https://www.viewlogies.net/east-lawn-east-sac/B7v9q3vPq,303747,"THURSDAY, OCTOBER 19, 2023"
https://viewlogies-media.s3-us-west-1.amazonaws.com/logos/cypress-lawn.png,Cypress Lawn ,/cypress-lawn,https://www.viewlogies.net/cypress-lawn/lA03xmSfK,303861,"SATURDAY, MAY , 2021"
https://viewlogies-media.s3-us-west-1.amazonaws.com/logos/sso.png,Sneider & Sullivan & O’Connell’s ,/sso,https://www.viewlogies.net/sso/-FzxuqGnJ,304218,"SUNDAY, APRIL 16, 2023"
https://viewlogies-media.s3-us-west-1.amazonaws.com/logos/fir-lane.png,Fir Lane Memorial Park & Funeral Home ,/fir-lane,https://www.viewlogies.net/fir-lane/P0nqhMrx-,304404,"FRIDAY, OCTOBER 2, 2022"
https://viewlogies-media.s3.us-west-1.amazonaws.com/logos/caminodelsol.png,Camino Del Sol ,/caminodelsol,https://www.viewlogies.net/caminodelsol/gFz557VeN,304495,"THURSDAY, SEPTEMBER 22, 2022"
https://viewlogies-media.s3-us-west-1.amazonaws.com/logos/inglewood.png,Inglewood Park Cemetery ,/inglewood,https://www.viewlogies.net/inglewood/TsCTocMJt,304818,"FRIDAY, SEPTEMBER 2, 2022"
https://viewlogies-media.s3.us-west-1.amazonaws.com/logos/mount-sinai-logo.png,Mount Sinai Memorial Parks and Mortuary ,/mountsinaiparks,https://www.viewlogies.net/mountsinaiparks/ojkK9qoT6,304875,"SUNDAY, JANUARY 22, 2023"
https://viewlogies-media.s3.us-west-1.amazonaws.com/logos/mount-sinai-logo.png,Mount Sinai Memorial Parks and Mortuary ,/mountsinaiparks,https://www.viewlogies.net/mountsinaiparks/iDOOlsoXa,305306,"MONDAY, JANUARY 15, 2024"
https://viewlogies-media.s3.us-west-1.amazonaws.com/logos/df-garden.png,Darling & Fischer Garden Chapel ,/darling-fischer-garden,https://www.viewlogies.net/darling-fischer-garden/NU-UzJoPO,305443,"THURSDAY, FEBRUARY 1, 2024"
https://viewlogies-media.s3-us-west-1.amazonaws.com/logos/darling-fischer.png,Darling & Fischer ,/darling-fischer,https://www.viewlogies.net/darling-fischer/tsFIMGGSb,305586,"THURSDAY, FEBRUARY 2, 2023"
https://viewlogies-media.s3-us-west-1.amazonaws.com/logos/darling-fischer.png,Darling & Fischer ,/darling-fischer,https://www.viewlogies.net/darling-fischer/JNfmd-_BU,305872,"FRIDAY, JUNE 3, 2022"
https://viewlogies-media.s3-us-west-1.amazonaws.com/logos/darling-fischer.png,Darling & Fischer ,/darling-fischer,https://www.viewlogies.net/darling-fischer/bznvYi8np,306292,"SUNDAY, JUNE 6, 2021"
https://viewlogies-media.s3-us-west-1.amazonaws.com/logos/allen.png,Allen Mortuary ,/allen,https://www.viewlogies.net/allen/JMIvrcorG,306307,"THURSDAY, DECEMBER 3, 2020"
https://viewlogies-media.s3-us-west-1.amazonaws.com/logos/darling-fischer.png,Darling & Fischer ,/darling-fischer,https://www.viewlogies.net/darling-fischer/tL5bj2_x6,306494,"WEDNESDAY, MARCH 9, 0"
https://viewlogies-media.s3-us-west-1.amazonaws.com/logos/darling-fischer.png,Darling & Fischer ,/darling-fischer,https://www.viewlogies.net/darling-fischer/UpoJr-TUv,306656,"FRIDAY, OCTOBER 6, 2023"
https://viewlogies-media.s3.us-west-1.amazonaws.com/logos/caminodelsol.png,Camino Del Sol ,/caminodelsol,https://www.viewlogies.net/caminodelsol/HW9SkqwvG,306864,"TUESDAY, AUGUST 24, 2021"
https://viewlogies-media.s3-us-west-1.amazonaws.com/logos/sso.png,Sneider & Sullivan & O’Connell’s ,/sso,https://www.viewlogies.net/sso/rqUXcjLY-,307026,"WEDNESDAY, MAY 31, 2023"
https://viewlogies-media.s3.us-west-1.amazonaws.com/logos/df-garden.png,Darling & Fischer Garden Chapel ,/darling-fischer-garden,https://www.viewlogies.net/darling-fischer-garden/pUlA1mlLg,307144,"SATURDAY, FEBRUARY 3, 2024"
https://viewlogies-media.s3-us-west-1.amazonaws.com/logos/queen-of-heaven-mesa.png,Queen of Heaven Catholic Cemetery & Funeral Home ,/queen-of-heaven-mesa,https://www.viewlogies.net/queen-of-heaven-mesa/T9rjjFZ1s,307503,"FRIDAY, SEPTEMBER 2, 2022"
https://viewlogies-media.s3.us-west-1.amazonaws.com/logos/mtn-view.png,Moutain View ,/mtn-view,https://www.viewlogies.net/mtn-view/qlDt-xZna,307781,"THURSDAY, APRIL 4, 04"
https://viewlogies-media.s3.us-west-1.amazonaws.com/logos/mount-sinai-logo.png,Mount Sinai Memorial Parks and Mortuary ,/mountsinaiparks,https://www.viewlogies.net/mountsinaiparks/OOV1jcn_M,308016,"SUNDAY, OCTOBER 23, 2022"
https://viewlogies-media.s3-us-west-1.amazonaws.com/logos/inglewood.png,Inglewood Park Cemetery ,/inglewood,https://www.viewlogies.net/inglewood/3XA99qKpO,308127,"TUESDAY, DECEMBER 26, 2023"
https://viewlogies-media.s3-us-west-1.amazonaws.com/logos/ferrara.png,Ferrara Colonial Mortuary ,/ferrara,https://www.viewlogies.net/ferrara/ihmIDWp7d,308589,"SUNDAY, JANUARY 1, 2021"
https://viewlogies-media.s3-us-west-1.amazonaws.com/logos/allen.png,Allen Mortuary ,/allen,https://www.viewlogies.net/allen/IBp-obtPM,308863,"TUESDAY, JANUARY 3, 2023"
https://viewlogies-media.s3-us-west-1.amazonaws.com/logos/cypress-lawn.png,Cypress Lawn ,/cypress-lawn,https://www.viewlogies.net/cypress-lawn/L9DcieMyq,308885,"THURSDAY, FEBRUARY 8, 2024"
https://viewlogies-media.s3-us-west-1.amazonaws.com/logos/cypress-lawn.png,Cypress Lawn ,/cypress-lawn,https://www.viewlogies.net/cypress-lawn/0hlAeGyly,309136,"THURSDAY, DECEMBER 16, 2021"
https://viewlogies-media.s3.us-west-1.amazonaws.com/logos/df-garden.png,Darling & Fischer Garden Chapel ,/darling-fischer-garden,https://www.viewlogies.net/darling-fischer-garden/tOrjeJ9ou,309458,"WEDNESDAY, JANUARY 6, 2021"
https://viewlogies-media.s3-us-west-1.amazonaws.com/logos/inglewood.png,Inglewood Park Cemetery ,/inglewood,https://www.viewlogies.net/inglewood/1h6ixSel3,309599,"TUESDAY, OCTOBER 11, 2022"
https://viewlogies-media.s3-us-west-1.amazonaws.com/logos/allen.png,Allen Mortuary ,/allen,https://www.viewlogies.net/allen/xAPtCWKvZ,309663,"TUESDAY, OCTOBER 26, 202"
https://viewlogies-media.s3-us-west-1.amazonaws.com/logos/holy-cross-phoenix.png,Holy Cross Catholic Cemetery & Funeral Home ,/holy-cross-phoenix,https://www.viewlogies.net/holy-cross-phoenix/8qMa5lHhP,310004,"FRIDAY, OCTOBER 6, 2023"
https://viewlogies-media.s3.us-west-1.amazonaws.com/logos/beaty-fh.png,Beaty Funeral Home ,/beaty-funeral-home,https://www.viewlogies.net/beaty-funeral-home/ouq1YoviG,310184,"THURSDAY, MARCH 30, 2023"
https://viewlogies-media.s3-us-west-1.amazonaws.com/logos/inglewood.png,Inglewood Park Cemetery ,/inglewood,https://www.viewlogies.net/inglewood/kGCu3JlbF,310405,"MONDAY, JUNE 13, 2022"
https://viewlogies-media.s3.us-west-1.amazonaws.com/logos/CCM-Holy-Cross-Culver-City.png,CCM Holy Cross ,/ccm-holy-cross,https://www.viewlogies.net/ccm-holy-cross/3jMMpXViu,310454,"TUESDAY, MARCH 19, 2024"
https://viewlogies-media.s3-us-west-1.amazonaws.com/logos/allen.png,Allen Mortuary ,/allen,https://www.viewlogies.net/allen/zmMz6az1V,310653,"SATURDAY, MAY 1, 202"
https://viewlogies-media.s3-us-west-1.amazonaws.com/logos/darling-fischer.png,Darling & Fischer ,/darling-fischer,https://www.viewlogies.net/darling-fischer/7Oh5_twyI,310849,"FRIDAY, AUGUST 20, 2021"
https://viewlogies-media.s3.us-west-1.amazonaws.com/logos/mount-sinai-logo.png,Mount Sinai Memorial Parks and Mortuary ,/mountsinaiparks,https://www.viewlogies.net/mountsinaiparks/o0LR6473X,311162,"SUNDAY, SEPTEMBER 18, 2022"
https://viewlogies-media.s3.us-west-1.amazonaws.com/logos/beaty-fh.png,Beaty Funeral Home ,/beaty-funeral-home,https://www.viewlogies.net/beaty-funeral-home/AGAwD58kk,311207,"THURSDAY, MAY 25, 2023"
https://viewlogies-media.s3.us-west-1.amazonaws.com/logos/mount-sinai-logo.png,Mount Sinai Memorial Parks and Mortuary ,/mountsinaiparks,https://www.viewlogies.net/mountsinaiparks/H7B7-91cr,311341,"WEDNESDAY, JULY 20, 2022"
https://viewlogies-media.s3-us-west-1.amazonaws.com/logos/darling-fischer.png,Darling & Fischer ,/darling-fischer,https://www.viewlogies.net/darling-fischer/r_OdgVHkn,311409,"TUESDAY, NOVEMBER 1, 2022"
https://viewlogies-media.s3-us-west-1.amazonaws.com/logos/cypress-lawn.png,Cypress Lawn ,/cypress-lawn,https://www.viewlogies.net/cypress-lawn/nBNWn3ATI,311753,"THURSDAY, JUNE 9, 2022"
https://viewlogies-media.s3-us-west-1.amazonaws.com/logos/darling-fischer.png,Darling & Fischer ,/darling-fischer,https://www.viewlogies.net/darling-fischer/YAwtXCF7I,311807,"SATURDAY, JUNE 18, 0"
https://viewlogies-media.s3-us-west-1.amazonaws.com/logos/spangler.png,Spangler Mortuaries ,/spangler,https://www.viewlogies.net/spangler/tc6CtjaHc,311821,"WEDNESDAY, FEBRUARY 3, 2021"
https://viewlogies-media.s3-us-west-1.amazonaws.com/logos/allen.png,Allen Mortuary ,/allen,https://www.viewlogies.net/allen/fDSggpLCW,312191,"SUNDAY, OCTOBER 10, 01"
https://viewlogies-media.s3-us-west-1.amazonaws.com/logos/cypress-lawn.png,Cypress Lawn ,/cypress-lawn,https://www.viewlogies.net/cypress-lawn/tkxSFdkHQ,312386,"MONDAY, MARCH 11, 2024"
https://viewlogies-media.s3-us-west-1.amazonaws.com/logos/higgins.png,Higgins Mortuary ,/higgins,https://www.viewlogies.net/higgins/2-vAUgYIR,312467,"SATURDAY, FEBRUARY 7, 2024"
https://viewlogies-media.s3-us-west-1.amazonaws.com/logos/cypress-lawn.png,Cypress Lawn ,/cypress-lawn,https://www.viewlogies.net/cypress-lawn/2PX_t1Nac,312584,"THURSDAY, OCTOBER 2, 2022"
https://viewlogies-media.s3-us-west-1.amazonaws.com/logos/sso.png,Sneider & Sullivan & O’Connell’s ,/sso,https://www.viewlogies.net/sso/LLBk-9dXk,312674,"MONDAY, MAY 10, 2021"
https://viewlogies-media.s3.us-west-1.amazonaws.com/logos/df-garden.png,Darling & Fischer Garden Chapel ,/darling-fischer-garden,https://www.viewlogies.net/darling-fischer-garden/Gc8orcWJZ,312880,"TUESDAY, DECEMBER 15, 2020"
https://viewlogies-media.s3.us-west-1.amazonaws.com/logos/mount-sinai-logo.png,Mount Sinai Memorial Parks and Mortuary ,/mountsinaiparks,https://www.viewlogies.net/mountsinaiparks/BW0cNACOc,313156,"THURSDAY, APRIL 13, 03"
https://viewlogies-media.s3.us-west-1.amazonaws.com/logos/df-garden.png,Darling & Fischer Garden Chapel ,/darling-fischer-garden,https://www.viewlogies.net/darling-fischer-garden/QKBdmVH1Z,313325,"WEDNESDAY, FEBRUARY 17, 2021"
https://viewlogies-media.s3-us-west-1.amazonaws.com/logos/queen-of-heaven-mesa.png,Queen of Heaven Catholic Cemetery & Funeral Home ,/queen-of-heaven-mesa,https://www.viewlogies.net/queen-of-heaven-mesa/MGbi-2HTB,313406,"WEDNESDAY, DECEMBER 27, 2023"
https://viewlogies-media.s3.us-west-1.amazonaws.com/logos/mount-sinai-logo.png,Mount Sinai Memorial Parks and Mortuary ,/mountsinaiparks,https://www.viewlogies.net/mountsinaiparks/PM5yjJtqj,313577,"SUNDAY, DECEMBER 24, 2023"
https://viewlogies-media.s3-us-west-1.amazonaws.com/logos/holy-cross-phoenix.png,Holy Cross Catholic Cemetery & Funeral Home ,/holy-cross-phoenix,https://www.viewlogies.net/holy-cross-phoenix/1RLabIC-X,313715,"THURSDAY, JUNE 1, 2023"
https://viewlogies-media.s3.us-west-1.amazonaws.com/logos/holy-cross-colma.png,Holy Cross Catholic Cemetery ,/holy-cross-cemeteries,https://www.viewlogies.net/holy-cross-cemeteries/X-D-PlAPh,314181,"SATURDAY, DECEMBER , 03"
https://viewlogies-media.s3-us-west-1.amazonaws.com/logos/allen.png,Allen Mortuary ,/allen,https://www.viewlogies.net/allen/v4CGlgGPA,314390,"TUESDAY, NOVEMBER 8, 2022"
https://viewlogies-media.s3.us-west-1.amazonaws.com/logos/turlock.png,Turlock Memorial Park & Funeral Home ,/turlock,https://www.viewlogies.net/turlock/4Wq5Y7Thq,314608,"SATURDAY, MAY 29, 2021"
https://viewlogies-media.s3-us-west-1.amazonaws.com/logos/allen.png,Allen Mortuary ,/allen,https://www.viewlogies.net/allen/OGIwEczRe,315075,"THURSDAY, OCTOBER 1, 2021"
https://viewlogies-media.s3-us-west-1.amazonaws.com/logos/cherokee.png,Cherokee Memorial Park & Funeral Home ,/cherokee,https://www.viewlogies.net/cherokee/kn3w-64z1,315178,"FRIDAY, MARCH 12, 2021"
https://viewlogies-media.s3-us-west-1.amazonaws.com/logos/allen.png,Allen Mortuary ,/allen,https://www.viewlogies.net/allen/PifE-AOIu,315342,"SATURDAY, AUGUST 1, 2021"
https://viewlogies-media.s3.us-west-1.amazonaws.com/logos/diablo-valley.png,Diablo Valley Funeral Home ,/diablo-valley,https://www.viewlogies.net/diablo-valley/J1eqeDkuX,315841,"FRIDAY, JULY 15, 2022"
https://viewlogies-media.s3-us-west-1.amazonaws.com/logos/inglewood.png,Inglewood Park Cemetery ,/inglewood,https://www.viewlogies.net/inglewood/FpTq8y99a,315907,"MONDAY, NOVEMBER 1, 2022"
https://viewlogies-media.s3.us-west-1.amazonaws.com/logos/mount-sinai-logo.png,Mount Sinai Memorial Parks and Mortuary ,/mountsinaiparks,https://www.viewlogies.net/mountsinaiparks/8aVwnoUqA,316114,"FRIDAY, MARCH 9, 04"
https://viewlogies-media.s3-us-west-1.amazonaws.com/logos/allen.png,Allen Mortuary ,/allen,https://www.viewlogies.net/allen/8hvZrE8xe,316203,"THURSDAY, SEPTEMBER , 2021"
https://viewlogies-media.s3-us-west-1.amazonaws.com/logos/cypress-lawn.png,Cypress Lawn ,/cypress-lawn,https://www.viewlogies.net/cypress-lawn/_xaO8tmT2,316331,"MONDAY, AUGUST 30, 2021"
https://viewlogies-media.s3-us-west-1.amazonaws.com/logos/cypress-lawn.png,Cypress Lawn ,/cypress-lawn,https://www.viewlogies.net/cypress-lawn/Pd9zaqtoy,316562,"FRIDAY, APRIL 8, 2022"
https://viewlogies-media.s3-us-west-1.amazonaws.com/logos/allen.png,Allen Mortuary ,/allen,https://www.viewlogies.net/allen/ISoJ7wLEq,316718,"SUNDAY, FEBRUARY 18, 04"
https://viewlogies-media.s3.us-west-1.amazonaws.com/logos/edr-dm.png,El Camino Memorial ,/el-camino-memorial,https://www.viewlogies.net/el-camino-memorial/bDgBF70Nk,317162,"FRIDAY, JUNE 6, 2023"
https://viewlogies-media.s3-us-west-1.amazonaws.com/logos/cypress-lawn.png,Cypress Lawn ,/cypress-lawn,https://www.viewlogies.net/cypress-lawn/fFjqvcwEh,317292,"MONDAY, MAY 22, 202"
https://viewlogies-media.s3-us-west-1.amazonaws.com/logos/cherokee.png,Cherokee Memorial Park & Funeral Home ,/cherokee,https://www.viewlogies.net/cherokee/Tsz7YuMp7,317720,"WEDNESDAY, SEPTEMBER 1, 2021"
https://viewlogies-media.s3-us-west-1.amazonaws.com/logos/darling-fischer.png,Darling & Fischer ,/darling-fischer,https://www.viewlogies.net/darling-fischer/LaBW65jiB,317768,"SATURDAY, MARCH 9, 04"
https://viewlogies-media.s3-us-west-1.amazonaws.com/logos/evans-brown.png,Evans Brown Mortuaries ,/evans-brown,https://www.viewlogies.net/evans-brown/w0kWW34yl,317893,"MONDAY, APRIL , 2022"
https://viewlogies-media.s3-us-west-1.amazonaws.com/logos/roses.png,Fremont Chapel of the Roses & Fremont Memorial Chapel ,/fremont,https://www.viewlogies.net/fremont/6-dXswX08,318355,"THURSDAY, JULY 29, 2021"
https://viewlogies-media.s3.us-west-1.amazonaws.com/logos/mount-sinai-logo.png,Mount Sinai Memorial Parks and Mortuary ,/mountsinaiparks,https://www.viewlogies.net/mountsinaiparks/d7uAqK3sh,318502,"TUESDAY, MARCH 5, 2024"
https://viewlogies-media.s3.us-west-1.amazonaws.com/logos/your-logo.png,Test ,/test,https://www.viewlogies.net/test/tIDZaq2B1,318653,"THURSDAY, AUGUST 12, 2021"
https://viewlogies-media.s3.us-west-1.amazonaws.com/logos/greenlawn-bakersfield-logo.png,Greenlawn Northeast ,/greenlawn-northeast,https://www.viewlogies.net/greenlawn-northeast/GXQuOIs-2,319022,"FRIDAY, JANUARY 26, 2024"
https://viewlogies-media.s3-us-west-1.amazonaws.com/logos/allen.png,Allen Mortuary ,/allen,https://www.viewlogies.net/allen/y6bzA__hs,319130,"WEDNESDAY, JANUARY 26, 2022"
https://viewlogies-media.s3-us-west-1.amazonaws.com/logos/cypress-lawn.png,Cypress Lawn ,/cypress-lawn,https://www.viewlogies.net/cypress-lawn/9LkY6v0xs,319225,"TUESDAY, OCTOBER 25, 2022"
https://viewlogies-media.s3.us-west-1.amazonaws.com/logos/edr-dm.png,El Camino Memorial ,/el-camino-memorial,https://www.viewlogies.net/el-camino-memorial/TA7MGPVct,319298,"MONDAY, FEBRUARY 26, 202"
https://viewlogies-media.s3.us-west-1.amazonaws.com/logos/conejo.png,"Conejo Mountain Funeral Home, Memorial Park & Crematory ",/conejo-mountain,https://www.viewlogies.net/conejo-mountain/sY6Cjdsou,319499,"SATURDAY, NOVEMBER 5, 2022"
https://viewlogies-media.s3-us-west-1.amazonaws.com/logos/allen.png,Allen Mortuary ,/allen,https://www.viewlogies.net/allen/rCRRarAMS,319754,"FRIDAY, JULY 15, 2022"
https://viewlogies-media.s3-us-west-1.amazonaws.com/logos/darling-fischer.png,Darling & Fischer ,/darling-fischer,https://www.viewlogies.net/darling-fischer/bLHMPL0d6,319799,"SATURDAY, JANUARY 0, 04"
https://viewlogies-media.s3-us-west-1.amazonaws.com/logos/cypress-lawn.png,Cypress Lawn ,/cypress-lawn,https://www.viewlogies.net/cypress-lawn/-8OynJsjp,319974,"WEDNESDAY, JUNE 1, 2022"
https://viewlogies-media.s3-us-west-1.amazonaws.com/logos/darling-fischer.png,Darling & Fischer ,/darling-fischer,https://www.viewlogies.net/darling-fischer/zrQRzT4Jc,320064,"FRIDAY, DECEMBER 10, 01"
https://viewlogies-media.s3-us-west-1.amazonaws.com/logos/cypress-lawn.png,Cypress Lawn ,/cypress-lawn,https://www.viewlogies.net/cypress-lawn/-GsqdV-F-,320283,"WEDNESDAY, MAY 10, 2023"
https://viewlogies-media.s3.us-west-1.amazonaws.com/logos/lietz-fraze.png,Lietz-Fraze Funeral Home & Cremation ,/lietz-fraze,https://www.viewlogies.net/lietz-fraze/7cxrA_Lol,320780,"SUNDAY, JUNE 6, 0"
https://viewlogies-media.s3-us-west-1.amazonaws.com/logos/holy-cross-phoenix.png,Holy Cross Catholic Cemetery & Funeral Home ,/holy-cross-phoenix,https://www.viewlogies.net/holy-cross-phoenix/VwLf65GUS,321066,"MONDAY, DECEMBER 4, 2023"
https://viewlogies-media.s3-us-west-1.amazonaws.com/logos/darling-fischer.png,Darling & Fischer ,/darling-fischer,https://www.viewlogies.net/darling-fischer/JT0ClQFZs,321371,"SATURDAY, FEBRUARY 12, 2022"
https://viewlogies-media.s3.us-west-1.amazonaws.com/logos/edr-dm.png,El Camino Memorial ,/el-camino-memorial,https://www.viewlogies.net/el-camino-memorial/o9gx1lS9b,321494,"FRIDAY, MARCH 17, 2023"
https://viewlogies-media.s3-us-west-1.amazonaws.com/logos/cypress-lawn.png,Cypress Lawn ,/cypress-lawn,https://www.viewlogies.net/cypress-lawn/h2rlh9nw5,321737,"FRIDAY, APRIL 8, 2022"
https://viewlogies-media.s3-us-west-1.amazonaws.com/logos/evans-brown.png,Evans Brown Mortuaries ,/evans-brown,https://www.viewlogies.net/evans-brown/_pp77kyzW,321888,"FRIDAY, JUNE 23, 2023"
https://viewlogies-media.s3-us-west-1.amazonaws.com/logos/cypress-lawn.png,Cypress Lawn ,/cypress-lawn,https://www.viewlogies.net/cypress-lawn/Qp1mjNd25,322560,"FRIDAY, AUGUST 4, 2023"
https://viewlogies-media.s3-us-west-1.amazonaws.com/logos/holy-cross-phoenix.png,Holy Cross Catholic Cemetery & Funeral Home ,/holy-cross-phoenix,https://www.viewlogies.net/holy-cross-phoenix/eVlyHm_Om,322623,"MONDAY, MARCH 18, 2024"
https://viewlogies-media.s3.us-west-1.amazonaws.com/logos/turlock.png,Turlock Memorial Park & Funeral Home ,/turlock,https://www.viewlogies.net/turlock/zduFrcI_s,322931,"MONDAY, NOVEMBER 22, 202"
https://viewlogies-media.s3-us-west-1.amazonaws.com/logos/inglewood.png,Inglewood Park Cemetery ,/inglewood,https://www.viewlogies.net/inglewood/QiPVPVXx1,323079,"FRIDAY, DECEMBER 23, 2022"
https://viewlogies-media.s3-us-west-1.amazonaws.com/logos/sso.png,Sneider & Sullivan & O’Connell’s ,/sso,https://www.viewlogies.net/sso/x-4F42fxy,323192,"FRIDAY, SEPTEMBER 9, 2022"
https://viewlogies-media.s3.us-west-1.amazonaws.com/logos/Funeral-Chapel-SD.png,Salser and Dillard ,/salser-and-dillard,https://www.viewlogies.net/salser-and-dillard/6nPh9jCXJ,324020,"THURSDAY, NOVEMBER 10, 2022"
https://viewlogies-media.s3-us-west-1.amazonaws.com/logos/holy-cross-phoenix.png,Holy Cross Catholic Cemetery & Funeral Home ,/holy-cross-phoenix,https://www.viewlogies.net/holy-cross-phoenix/xNMkSIOVl,324197,"THURSDAY, OCTOBER 26, 2023"
https://viewlogies-media.s3-us-west-1.amazonaws.com/logos/crosby.png,Crosby N. Gray & Co. Funeral Home & Cremation Services ,/crosby,https://www.viewlogies.net/crosby/jffnW9hlV,324258,"FRIDAY, JANUARY 14, 2022"
https://viewlogies-media.s3.us-west-1.amazonaws.com/logos/perez-family-logo.png,Perez Family Funeral Home ,/perez-family,https://www.viewlogies.net/perez-family/5Hek4uUl3,324501,"FRIDAY, MARCH 31, 2023"
https://viewlogies-media.s3-us-west-1.amazonaws.com/logos/queen-of-heaven-mesa.png,Queen of Heaven Catholic Cemetery & Funeral Home ,/queen-of-heaven-mesa,https://www.viewlogies.net/queen-of-heaven-mesa/YY53AWfmE,324628,"WEDNESDAY, OCTOBER 19, 2022"
https://viewlogies-media.s3-us-west-1.amazonaws.com/logos/darling-fischer.png,Darling & Fischer ,/darling-fischer,https://www.viewlogies.net/darling-fischer/JNfmd-_BU,325023,"FRIDAY, JUNE 3, 2022"
https://viewlogies-media.s3.us-west-1.amazonaws.com/logos/diablo-valley.png,Diablo Valley Funeral Home ,/diablo-valley,https://www.viewlogies.net/diablo-valley/MNt6P-gC5,325089,"TUESDAY, NOVEMBER 1, 03"
https://viewlogies-media.s3-us-west-1.amazonaws.com/logos/east-lawn.png,East Lawn - Greenback ,/east-lawn-greenback,https://www.viewlogies.net/east-lawn-greenback/uCX2pG521,325185,"WEDNESDAY, DECEMBER 28, 2022"
https://viewlogies-media.s3-us-west-1.amazonaws.com/logos/crosby.png,Crosby N. Gray & Co. Funeral Home & Cremation Services ,/crosby,https://www.viewlogies.net/crosby/zjhJO8f1K,325553,"SUNDAY, DECEMBER 18, 0"
https://viewlogies-media.s3.us-west-1.amazonaws.com/logos/edr-dm.png,El Camino Memorial ,/el-camino-memorial,https://www.viewlogies.net/el-camino-memorial/FArlHRtaS,325816,"THURSDAY, MAY 18, 202"
https://viewlogies-media.s3.us-west-1.amazonaws.com/logos/mount-sinai-logo.png,Mount Sinai Memorial Parks and Mortuary ,/mountsinaiparks,https://www.viewlogies.net/mountsinaiparks/Tyw_oPFzU,325979,"SUNDAY, NOVEMBER 6, 0"
https://viewlogies-media.s3-us-west-1.amazonaws.com/logos/holy-cross-phoenix.png,Holy Cross Catholic Cemetery & Funeral Home ,/holy-cross-phoenix,https://www.viewlogies.net/holy-cross-phoenix/FonprWwXV,326376,"SATURDAY, AUGUST 20, 2022"
https://viewlogies-media.s3-us-west-1.amazonaws.com/logos/cypress-lawn.png,Cypress Lawn ,/cypress-lawn,https://www.viewlogies.net/cypress-lawn/Z3H45OHQS,326497,"FRIDAY, AUGUST 12, 2022"
https://viewlogies-media.s3.us-west-1.amazonaws.com/logos/beaty-fh.png,Beaty Funeral Home ,/beaty-funeral-home,https://www.viewlogies.net/beaty-funeral-home/kS_1XPU26,326722,"SATURDAY, NOVEMBER 5, 03"
https://viewlogies-media.s3.us-west-1.amazonaws.com/logos/sunset-view.png,Sunset View Cemetery ,/sunset-view,https://www.viewlogies.net/sunset-view/Ic75NQcQf,326850,"WEDNESDAY, MARCH 29, 2023"
https://viewlogies-media.s3-us-west-1.amazonaws.com/logos/cypress-lawn.png,Cypress Lawn ,/cypress-lawn,https://www.viewlogies.net/cypress-lawn/wWq2FcmWD,326874,"MONDAY, MARCH 1, 2021"
https://viewlogies-media.s3.us-west-1.amazonaws.com/logos/mcafee.png,Thomas McAfee Funeral Homes ,/mcafee,https://www.viewlogies.net/mcafee/9tn6Pph-o,326909,"TUESDAY, JANUARY 11, 2022"
https://viewlogies-media.s3-us-west-1.amazonaws.com/logos/holy-cross-phoenix.png,Holy Cross Catholic Cemetery & Funeral Home ,/holy-cross-phoenix,https://www.viewlogies.net/holy-cross-phoenix/08Eam-0tF,327067,"TUESDAY, NOVEMBER 28, 2023"
https://viewlogies-media.s3.us-west-1.amazonaws.com/logos/duggans.png,Duggan's Serra Mortuary ,/duggans-serra,https://www.viewlogies.net/duggans-serra/99gkaaVPo,327201,"SATURDAY, JULY 15, 2023"
https://viewlogies-media.s3.us-west-1.amazonaws.com/logos/df-garden.png,Darling & Fischer Garden Chapel ,/darling-fischer-garden,https://www.viewlogies.net/darling-fischer-garden/45iXEok-v,327314,"TUESDAY, JANUARY , 2022"
https://viewlogies-media.s3-us-west-1.amazonaws.com/logos/evans-brown.png,Evans Brown Mortuaries ,/evans-brown,https://www.viewlogies.net/evans-brown/Thc5LHDs6,327555,"SUNDAY, DECEMBER 3, 2023"
https://viewlogies-media.s3-us-west-1.amazonaws.com/logos/crosby.png,Crosby N. Gray & Co. Funeral Home & Cremation Services ,/crosby,https://www.viewlogies.net/crosby/yP8n8iVm2,327591,"FRIDAY, MAY 4, 202"
https://viewlogies-media.s3.us-west-1.amazonaws.com/logos/conejo.png,"Conejo Mountain Funeral Home, Memorial Park & Crematory ",/conejo-mountain,https://www.viewlogies.net/conejo-mountain/NkL_h3pAv,327656,"SATURDAY, AUGUST 20, 2022"
https://viewlogies-media.s3-us-west-1.amazonaws.com/logos/sso.png,Sneider & Sullivan & O’Connell’s ,/sso,https://www.viewlogies.net/sso/RPXgAXyri,327878,"FRIDAY, JANUARY 21, 2022"
https://viewlogies-media.s3-us-west-1.amazonaws.com/logos/allen.png,Allen Mortuary ,/allen,https://www.viewlogies.net/allen/COEdU6MQO,328301,"TUESDAY, SEPTEMBER 4, 202"
https://viewlogies-media.s3-us-west-1.amazonaws.com/logos/darling-fischer.png,Darling & Fischer ,/darling-fischer,https://www.viewlogies.net/darling-fischer/px-FcJANN,328621,"THURSDAY, AUGUST 19, 2021"
https://viewlogies-media.s3-us-west-1.amazonaws.com/logos/allen.png,Allen Mortuary ,/allen,https://www.viewlogies.net/allen/zW_obnbjD,328675,"MONDAY, FEBRUARY 8, 202"
https://viewlogies-media.s3-us-west-1.amazonaws.com/logos/allen.png,Allen Mortuary ,/allen,https://www.viewlogies.net/allen/28KDCnyvy,329037,"THURSDAY, AUGUST 3, 2023"
https://viewlogies-media.s3-us-west-1.amazonaws.com/logos/cypress-lawn.png,Cypress Lawn ,/cypress-lawn,https://www.viewlogies.net/cypress-lawn/uRwkI8wjo,329047,"WEDNESDAY, FEBRUARY , 2022"
https://viewlogies-media.s3.us-west-1.amazonaws.com/logos/beaty-fh.png,Beaty Funeral Home ,/beaty-funeral-home,https://www.viewlogies.net/beaty-funeral-home/51QqV9GP4,329317,"WEDNESDAY, MAY 4, 03"
https://viewlogies-media.s3-us-west-1.amazonaws.com/logos/cypress-lawn.png,Cypress Lawn ,/cypress-lawn,https://www.viewlogies.net/cypress-lawn/4IP1H7Hiu,329735,"MONDAY, AUGUST 1, 2022"
https://viewlogies-media.s3-us-west-1.amazonaws.com/logos/cherokee.png,Cherokee Memorial Park & Funeral Home ,/cherokee,https://www.viewlogies.net/cherokee/ies4MzfD7,330074,"SATURDAY, MARCH 20, 202"
https://viewlogies-media.s3-us-west-1.amazonaws.com/logos/cherokee.png,Cherokee Memorial Park & Funeral Home ,/cherokee,https://www.viewlogies.net/cherokee/6caxGN34n,330324,"WEDNESDAY, NOVEMBER 10, 2021"
https://viewlogies-media.s3-us-west-1.amazonaws.com/logos/holy-cross-phoenix.png,Holy Cross Catholic Cemetery & Funeral Home ,/holy-cross-phoenix,https://www.viewlogies.net/holy-cross-phoenix/AVcjBcGWE,330756,"WEDNESDAY, AUGUST 23, 2023"
https://viewlogies-media.s3-us-west-1.amazonaws.com/logos/east-lawn.png,East Lawn - Greenback ,/east-lawn-greenback,https://www.viewlogies.net/east-lawn-greenback/E5z4ulvK0,331150,"THURSDAY, JUNE 29, 202"
https://viewlogies-media.s3-us-west-1.amazonaws.com/logos/allen.png,Allen Mortuary ,/allen,https://www.viewlogies.net/allen/P16OK6wIa,331287,"SUNDAY, MAY 22, 2022"
https://viewlogies-media.s3.us-west-1.amazonaws.com/logos/turlock.png,Turlock Memorial Park & Funeral Home ,/turlock,https://www.viewlogies.net/turlock/OJLVjhj3V,331376,"TUESDAY, APRIL 20, 2021"
https://viewlogies-media.s3-us-west-1.amazonaws.com/logos/queen-of-heaven-mesa.png,Queen of Heaven Catholic Cemetery & Funeral Home ,/queen-of-heaven-mesa,https://www.viewlogies.net/queen-of-heaven-mesa/250Wwht5d,331595,"MONDAY, DECEMBER 27, 2021"
https://viewlogies-media.s3.us-west-1.amazonaws.com/logos/mtn-view.png,Moutain View ,/mtn-view,https://www.viewlogies.net/mtn-view/Jc_yr3G-V,331723,"FRIDAY, FEBRUARY 24, 2023"
https://viewlogies-media.s3-us-west-1.amazonaws.com/logos/fremont.png,Fremont Chapel of the Roses & Fremont Memorial Chapel ,/fremont,https://www.viewlogies.net/fremont/HBwN_HnSJ,332083,"FRIDAY, JANUARY 12, 202"
https://viewlogies-media.s3-us-west-1.amazonaws.com/logos/allen.png,Allen Mortuary ,/allen,https://www.viewlogies.net/allen/H18rqZDjW,332281,"FRIDAY, JUNE 23, 2023"
https://viewlogies-media.s3.us-west-1.amazonaws.com/logos/mount-sinai-logo.png,Mount Sinai Memorial Parks and Mortuary ,/mountsinaiparks,https://www.viewlogies.net/mountsinaiparks/jNF7OqIAy,332447,"MONDAY, DECEMBER 4, 2023"
https://viewlogies-media.s3-us-west-1.amazonaws.com/logos/sinai.png,Sinai ,/sinai,https://www.viewlogies.net/sinai/9x8wohPn3,332523,"FRIDAY, NOVEMBER 19, 2021"
https://viewlogies-media.s3-us-west-1.amazonaws.com/logos/higgins.png,Higgins Mortuary ,/higgins,https://www.viewlogies.net/higgins/dMeybfBAj,332673,"FRIDAY, JANUARY 2, 2024"
https://viewlogies-media.s3.us-west-1.amazonaws.com/logos/df-garden.png,Darling & Fischer Garden Chapel ,/darling-fischer-garden,https://www.viewlogies.net/darling-fischer-garden/5PIcD30bA,332687,"TUESDAY, JULY 18, 2023"
https://viewlogies-media.s3-us-west-1.amazonaws.com/logos/allen.png,Allen Mortuary ,/allen,https://www.viewlogies.net/allen/YD-mS43l_,332992,"SATURDAY, JULY 22, 2023"
https://viewlogies-media.s3.us-west-1.amazonaws.com/logos/pacifica-chapel-by-the-sea.png,Pacifica Chapel By The Sea ,/pacifica-chapel-by-the-sea,https://www.viewlogies.net/pacifica-chapel-by-the-sea/0z3n2D6mH,333126,"FRIDAY, JULY 1, 0"
https://viewlogies-media.s3-us-west-1.amazonaws.com/logos/cypress-lawn.png,Cypress Lawn ,/cypress-lawn,https://www.viewlogies.net/cypress-lawn/kbOgXAh8k,333381,"SATURDAY, MAY 20, 2023"
https://viewlogies-media.s3-us-west-1.amazonaws.com/logos/cypress-lawn.png,Cypress Lawn ,/cypress-lawn,https://www.viewlogies.net/cypress-lawn/-cF4ED1Du,333560,"THURSDAY, JANUARY 19, 202"
https://viewlogies-media.s3.us-west-1.amazonaws.com/logos/mount-sinai-logo.png,Mount Sinai Memorial Parks and Mortuary ,/mountsinaiparks,https://www.viewlogies.net/mountsinaiparks/JED-raFWn,333590,"TUESDAY, NOVEMBER 7, 2023"
https://viewlogies-media.s3-us-west-1.amazonaws.com/logos/east-lawn.png,East Lawn - Greenback ,/east-lawn-greenback,https://www.viewlogies.net/east-lawn-greenback/FBztNe1KJ,333864,"THURSDAY, OCTOBER 1, 2022"
https://viewlogies-media.s3.us-west-1.amazonaws.com/logos/lietz-fraze.png,Lietz-Fraze Funeral Home & Cremation ,/lietz-fraze,https://www.viewlogies.net/lietz-fraze/pJSVilXTD,334045,"MONDAY, OCTOBER 3, 03"
https://viewlogies-media.s3-us-west-1.amazonaws.com/logos/spangler.png,Spangler Mortuaries ,/spangler,https://www.viewlogies.net/spangler/U946VG_GJ,334195,"THURSDAY, NOVEMBER 3, 2022"
https://viewlogies-media.s3.us-west-1.amazonaws.com/logos/df-garden.png,Darling & Fischer Garden Chapel ,/darling-fischer-garden,https://www.viewlogies.net/darling-fischer-garden/I6EnzLQdL,334434,"SATURDAY, JUNE 5, 2021"
https://viewlogies-media.s3.us-west-1.amazonaws.com/logos/mount-sinai-logo.png,Mount Sinai Memorial Parks and Mortuary ,/mountsinaiparks,https://www.viewlogies.net/mountsinaiparks/iCqBQfsuj,334569,"THURSDAY, DECEMBER 7, 03"
https://viewlogies-media.s3.us-west-1.amazonaws.com/logos/perez-family-logo.png,Perez Family Funeral Home ,/perez-family,https://www.viewlogies.net/perez-family/qZvnP-RcU,335120,"WEDNESDAY, DECEMBER 28, 2022"
https://viewlogies-media.s3-us-west-1.amazonaws.com/logos/coastal.png,Coastal Funeral Center ,/coastal,https://www.viewlogies.net/coastal/XH3CWwHz3,335341,"SATURDAY, MAY 1, 2021"
https://viewlogies-media.s3-us-west-1.amazonaws.com/logos/inglewood.png,Inglewood Park Cemetery ,/inglewood,https://www.viewlogies.net/inglewood/muIqA97Qo,335536,"TUESDAY, DECEMBER 6, 2022"
https://viewlogies-media.s3.us-west-1.amazonaws.com/logos/mount-sinai-logo.png,Mount Sinai Memorial Parks and Mortuary ,/mountsinaiparks,https://www.viewlogies.net/mountsinaiparks/53B6KfSpC,335719,"MONDAY, MAY 22, 2023"
https://viewlogies-media.s3-us-west-1.amazonaws.com/logos/cherokee.png,Cherokee Memorial Park & Funeral Home ,/cherokee,https://www.viewlogies.net/cherokee/IXUpFhm1O,336111,"SATURDAY, AUGUST 14, 2021"
https://viewlogies-media.s3.us-west-1.amazonaws.com/logos/edr-dm.png,El Camino Memorial ,/el-camino-memorial,https://www.viewlogies.net/el-camino-memorial/sDzwhnPCl,336200,"FRIDAY, JANUARY 6, 04"
https://viewlogies-media.s3-us-west-1.amazonaws.com/logos/darling-fischer.png,Darling & Fischer ,/darling-fischer,https://www.viewlogies.net/darling-fischer/ZQLQl0Epu,336291,"THURSDAY, FEBRUARY , 04"
https://viewlogies-media.s3-us-west-1.amazonaws.com/logos/holy-cross-phoenix.png,Holy Cross Catholic Cemetery & Funeral Home ,/holy-cross-phoenix,https://www.viewlogies.net/holy-cross-phoenix/ca1kRFRTW,336467,"THURSDAY, FEBRUARY 1, 2024"
https://viewlogies-media.s3-us-west-1.amazonaws.com/logos/darling-fischer.png,Darling & Fischer ,/darling-fischer,https://www.viewlogies.net/darling-fischer/ZgQ2WRVtO,336805,"FRIDAY, FEBRUARY 18, 2022"
https://viewlogies-media.s3-us-west-1.amazonaws.com/logos/darling-fischer.png,Darling & Fischer ,/darling-fischer,https://www.viewlogies.net/darling-fischer/sAl64PzV4,336903,"SATURDAY, SEPTEMBER 17, 0"
https://viewlogies-media.s3-us-west-1.amazonaws.com/logos/allen.png,Allen Mortuary ,/allen,https://www.viewlogies.net/allen/eEwUGk6lA,337112,"TUESDAY, JANUARY 24, 2023"
https://viewlogies-media.s3-us-west-1.amazonaws.com/logos/carlson.png,Carlson Funeral Home ,/carlson,https://www.viewlogies.net/carlson/LWqjmtHtB,337519,"TUESDAY, JANUARY 31, 2023"
https://viewlogies-media.s3.us-west-1.amazonaws.com/logos/mount-sinai-logo.png,Mount Sinai Memorial Parks and Mortuary ,/mountsinaiparks,https://www.viewlogies.net/mountsinaiparks/_J_ZOGeId,337889,"THURSDAY, FEBRUARY 1, 04"
https://viewlogies-media.s3-us-west-1.amazonaws.com/logos/holy-cross-phoenix.png,Holy Cross Catholic Cemetery & Funeral Home ,/holy-cross-phoenix,https://www.viewlogies.net/holy-cross-phoenix/LDTwVDAVr,338123,"THURSDAY, MAY 11, 2023"
https://viewlogies-media.s3-us-west-1.amazonaws.com/logos/cypress-lawn.png,Cypress Lawn ,/cypress-lawn,https://www.viewlogies.net/cypress-lawn/4I87L7IMJ,338299,"MONDAY, FEBRUARY 21, 2022"
https://viewlogies-media.s3-us-west-1.amazonaws.com/logos/oakmont.png,Oakmont Memorial Park and Mortuary ,/oakmont,https://www.viewlogies.net/oakmont/6PzNcnC1j,338546,"THURSDAY, MARCH 9, 03"
https://viewlogies-media.s3-us-west-1.amazonaws.com/logos/cypress-lawn.png,Cypress Lawn ,/cypress-lawn,https://www.viewlogies.net/cypress-lawn/V25UX_AHw,338678,"THURSDAY, JUNE 24, 2021"
https://viewlogies-media.s3-us-west-1.amazonaws.com/logos/holy-cross-phoenix.png,Holy Cross Catholic Cemetery & Funeral Home ,/holy-cross-phoenix,https://www.viewlogies.net/holy-cross-phoenix/s8WHZ4s2t,338876,"TUESDAY, DECEMBER 7, 2021"
https://viewlogies-media.s3-us-west-1.amazonaws.com/logos/darling-fischer.png,Darling & Fischer ,/darling-fischer,https://www.viewlogies.net/darling-fischer/GKrf-vILN,339083,"WEDNESDAY, APRIL 7, 0"
https://viewlogies-media.s3-us-west-1.amazonaws.com/logos/cypress-lawn.png,Cypress Lawn ,/cypress-lawn,https://www.viewlogies.net/cypress-lawn/ToSk4_eeT,339426,"SATURDAY, SEPTEMBER 25, 2021"
https://viewlogies-media.s3-us-west-1.amazonaws.com/logos/sso.png,Sneider & Sullivan & O’Connell’s ,/sso,https://www.viewlogies.net/sso/2RqpWYziu,339553,"THURSDAY, JANUARY 25, 2024"
https://viewlogies-media.s3-us-west-1.amazonaws.com/logos/evans-brown.png,Evans Brown Mortuaries ,/evans-brown,https://www.viewlogies.net/evans-brown/d7ZTfVk5G,339880,"THURSDAY, MARCH 8, 202"
https://viewlogies-media.s3-us-west-1.amazonaws.com/logos/cypress-lawn.png,Cypress Lawn ,/cypress-lawn,https://www.viewlogies.net/cypress-lawn/08rqot7nh,339921,"SUNDAY, JULY 2, 2023"
https://viewlogies-media.s3.us-west-1.amazonaws.com/logos/df-garden.png,Darling & Fischer Garden Chapel ,/darling-fischer-garden,https://www.viewlogies.net/darling-fischer-garden/S9CrZqKUq,340167,"WEDNESDAY, JULY 20, 2022"
https://viewlogies-media.s3-us-west-1.amazonaws.com/logos/roses.png,Fremont Chapel of the Roses & Fremont Memorial Chapel ,/fremont,https://www.viewlogies.net/fremont/TXNZDC9BX,340190,"TUESDAY, FEBRUARY 8, 2022"
https://viewlogies-media.s3.us-west-1.amazonaws.com/logos/givnish.png,Givnish Funeral Homes ,/givnish,https://www.viewlogies.net/givnish/gqjgeY4XG,340209,"WEDNESDAY, MAY 18, 2022"
https://viewlogies-media.s3-us-west-1.amazonaws.com/logos/sso.png,Sneider & Sullivan & O’Connell’s ,/sso,https://www.viewlogies.net/sso/B1kwJZNbQ,340657,"TUESDAY, FEBRUARY 22, 2022"
https://viewlogies-media.s3-us-west-1.amazonaws.com/logos/allen.png,Allen Mortuary ,/allen,https://www.viewlogies.net/allen/RnImrGfco,340788,"SATURDAY, JANUARY 16, 2021"
https://viewlogies-media.s3-us-west-1.amazonaws.com/logos/darling-fischer.png,Darling & Fischer ,/darling-fischer,https://www.viewlogies.net/darling-fischer/VGcZ23Mni,340997,"SATURDAY, JANUARY 23, 2021"
https://viewlogies-media.s3-us-west-1.amazonaws.com/logos/sso.png,Sneider & Sullivan & O’Connell’s ,/sso,https://www.viewlogies.net/sso/zMkWZlD7f,341336,"MONDAY, JANUARY 24, 2022"
https://viewlogies-media.s3.us-west-1.amazonaws.com/logos/diablo-valley.png,Diablo Valley Funeral Home ,/diablo-valley,https://www.viewlogies.net/diablo-valley/RU3SgZFm-,341452,"TUESDAY, JULY 26, 2022"
https://viewlogies-media.s3.us-west-1.amazonaws.com/logos/turlock.png,Turlock Memorial Park & Funeral Home ,/turlock,https://www.viewlogies.net/turlock/gLODmxlCD,341605,"SATURDAY, JANUARY 6, 202"
https://viewlogies-media.s3-us-west-1.amazonaws.com/logos/cypress-lawn.png,Cypress Lawn ,/cypress-lawn,https://www.viewlogies.net/cypress-lawn/SBDg4Ah91,341919,"SATURDAY, FEBRUARY 24, 2024"
https://viewlogies-media.s3-us-west-1.amazonaws.com/logos/evans-brown.png,Evans Brown Mortuaries ,/evans-brown,https://www.viewlogies.net/evans-brown/zrmpIaDCE,342078,"WEDNESDAY, FEBRUARY 10, 01"
https://viewlogies-media.s3-us-west-1.amazonaws.com/logos/oakmont.png,Oakmont Memorial Park and Mortuary ,/oakmont,https://www.viewlogies.net/oakmont/do6sFC7Bx,342196,"MONDAY, JANUARY 8, 04"
https://viewlogies-media.s3.us-west-1.amazonaws.com/logos/df-garden.png,Darling & Fischer Garden Chapel ,/darling-fischer-garden,https://www.viewlogies.net/darling-fischer-garden/CKDmZDqh4,342314,"WEDNESDAY, MARCH 9, 2022"
,East Lawn - East Sac ,/east-lawn-east-sac,https://www.viewlogies.net/east-lawn-east-sac/MmGkmni6m,342499,
https://viewlogies-media.s3-us-west-1.amazonaws.com/logos/evans-brown.png,Evans Brown Mortuaries ,/evans-brown,https://www.viewlogies.net/evans-brown/6Yxv47H4y,342971,"FRIDAY, SEPTEMBER 8, 03"
https://viewlogies-media.s3-us-west-1.amazonaws.com/logos/fremont.png,Fremont Chapel of the Roses & Fremont Memorial Chapel ,/fremont,https://www.viewlogies.net/fremont/GWJGbu6vb,343023,"THURSDAY, JANUARY 19, 2023"
https://viewlogies-media.s3-us-west-1.amazonaws.com/logos/inglewood.png,Inglewood Park Cemetery ,/inglewood,https://www.viewlogies.net/inglewood/KYEPcQaFQ,343319,"WEDNESDAY, JANUARY 18, 2023"
https://viewlogies-media.s3.us-west-1.amazonaws.com/logos/givnish.png,Givnish Funeral Homes ,/givnish,https://www.viewlogies.net/givnish/HO3tJGg3s,343556,"FRIDAY, MARCH 15, 2024"
https://viewlogies-media.s3-us-west-1.amazonaws.com/logos/allen.png,Allen Mortuary ,/allen,https://www.viewlogies.net/allen/5YliL9taK,343635,"SATURDAY, MARCH 18, 03"
https://viewlogies-media.s3-us-west-1.amazonaws.com/logos/allen.png,Allen Mortuary ,/allen,https://www.viewlogies.net/allen/DkBQXjFpM,343975,"MONDAY, MARCH 4, 2022"
https://viewlogies-media.s3-us-west-1.amazonaws.com/logos/cypress-lawn.png,Cypress Lawn ,/cypress-lawn,https://www.viewlogies.net/cypress-lawn/k9JpDOpFR,344046,"WEDNESDAY, JULY 6, 2022"
https://viewlogies-media.s3-us-west-1.amazonaws.com/logos/evans-brown.png,Evans Brown Mortuaries ,/evans-brown,https://www.viewlogies.net/evans-brown/5JBAe3t1E,344356,"SATURDAY, JANUARY 8, 2022"
https://viewlogies-media.s3.us-west-1.amazonaws.com/logos/lietz-fraze.png,Lietz-Fraze Funeral Home & Cremation ,/lietz-fraze,https://www.viewlogies.net/lietz-fraze/kGFThzfVk,344379,"FRIDAY, NOVEMBER 17, 03"
https://viewlogies-media.s3-us-west-1.amazonaws.com/logos/viewlogies_name_only.png,Hillcrest Memorial Park & Mortuary ,/hillcrest,https://www.viewlogies.net/hillcrest/qAlEz8mUk,344479,"MONDAY, MAY 29, 202"
https://viewlogies-media.s3-us-west-1.amazonaws.com/logos/inglewood.png,Inglewood Park Cemetery ,/inglewood,https://www.viewlogies.net/inglewood/TSfyaMVxG,344600,"THURSDAY, SEPTEMBER 21, 2023"
https://viewlogies-media.s3-us-west-1.amazonaws.com/logos/cypress-lawn.png,Cypress Lawn ,/cypress-lawn,https://www.viewlogies.net/cypress-lawn/cVH3QJe-X,344820,"WEDNESDAY, OCTOBER 6, 2021"
https://viewlogies-media.s3-us-west-1.amazonaws.com/logos/inglewood.png,Inglewood Park Cemetery ,/inglewood,https://www.viewlogies.net/inglewood/-mZeCne_5,344932,"SATURDAY, JULY 22, 2023"
https://viewlogies-media.s3-us-west-1.amazonaws.com/logos/sso.png,Sneider & Sullivan & O’Connell’s ,/sso,https://www.viewlogies.net/sso/Z_JjNTCm2,345473,"SUNDAY, SEPTEMBER 1, 2022"
https://viewlogies-media.s3-us-west-1.amazonaws.com/logos/evans-brown.png,Evans Brown Mortuaries ,/evans-brown,https://www.viewlogies.net/evans-brown/WIKDgLh7i,345612,"MONDAY, JANUARY 11, 2021"
https://viewlogies-media.s3-us-west-1.amazonaws.com/logos/sinai.png,Sinai ,/sinai,https://www.viewlogies.net/sinai/eBfmiDxjr,345903,"MONDAY, APRIL 12, 2021"
https://viewlogies-media.s3-us-west-1.amazonaws.com/logos/cypress-lawn.png,Cypress Lawn ,/cypress-lawn,https://www.viewlogies.net/cypress-lawn/qGTDWiOCZ,346312,"SATURDAY, OCTOBER 1, 2022"
https://viewlogies-media.s3-us-west-1.amazonaws.com/logos/roses.png,Fremont Chapel of the Roses & Fremont Memorial Chapel ,/fremont,https://www.viewlogies.net/fremont/g3gziLyRA,346602,"TUESDAY, FEBRUARY 7, 2023"
https://viewlogies-media.s3-us-west-1.amazonaws.com/logos/ferrara.png,Ferrara Colonial Mortuary ,/ferrara,https://www.viewlogies.net/ferrara/QiqqlYg7f,346750,"THURSDAY, NOVEMBER 19, 2020"
https://viewlogies-media.s3-us-west-1.amazonaws.com/logos/east-lawn.png,East Lawn - East Sac ,/east-lawn-east-sac,https://www.viewlogies.net/east-lawn-east-sac/eeONR-GAw,347028,"SUNDAY, SEPTEMBER 10, 2023"
https://viewlogies-media.s3-us-west-1.amazonaws.com/logos/holy-cross-phoenix.png,Holy Cross Catholic Cemetery & Funeral Home ,/holy-cross-phoenix,https://www.viewlogies.net/holy-cross-phoenix/b6WbE0cT8,347527,"THURSDAY, FEBRUARY 1, 2024"
https://viewlogies-media.s3.us-west-1.amazonaws.com/logos/hawthorne.png,Hawthorne Funeral Home ,/hawthorne,https://www.viewlogies.net/hawthorne/ewT5jW53W,347835,"THURSDAY, NOVEMBER 18, 2021"
https://viewlogies-media.s3-us-west-1.amazonaws.com/logos/crosby.png,Crosby N. Gray & Co. Funeral Home & Cremation Services ,/crosby,https://www.viewlogies.net/crosby/ctMPvU7C_,347954,"FRIDAY, MARCH 12, 2021"
https://viewlogies-media.s3.us-west-1.amazonaws.com/logos/mount-sinai-logo.png,Mount Sinai Memorial Parks and Mortuary ,/mountsinaiparks,https://www.viewlogies.net/mountsinaiparks/hSDogqN4e,348295,"THURSDAY, AUGUST 5, 0"
https://viewlogies-media.s3.us-west-1.amazonaws.com/logos/givnish.png,Givnish Funeral Homes ,/givnish,https://www.viewlogies.net/givnish/RyfouDTGD,348401,"SATURDAY, OCTOBER 28, 2023"
https://viewlogies-media.s3-us-west-1.amazonaws.com/logos/carlson.png,Carlson Funeral Home ,/carlson,https://www.viewlogies.net/carlson/H_yJiK5uN,348606,"MONDAY, MARCH 29, 2021"
https://viewlogies-media.s3.us-west-1.amazonaws.com/logos/df-garden.png,Darling & Fischer Garden Chapel ,/darling-fischer-garden,https://www.viewlogies.net/darling-fischer-garden/6UXS7f7DJ,348760,"SATURDAY, DECEMBER , 2020"
https://viewlogies-media.s3-us-west-1.amazonaws.com/logos/cypress-lawn.png,Cypress Lawn ,/cypress-lawn,https://www.viewlogies.net/cypress-lawn/cmxPpDbUT,348880,"SATURDAY, MARCH 20, 2021"
https://viewlogies-media.s3.us-west-1.amazonaws.com/logos/mount-sinai-logo.png,Mount Sinai Memorial Parks and Mortuary ,/mountsinaiparks,https://www.viewlogies.net/mountsinaiparks/wkZ8mS1EC,349111,"WEDNESDAY, OCTOBER 12, 2022"
https://viewlogies-media.s3-us-west-1.amazonaws.com/logos/higgins.png,Higgins Mortuary ,/higgins,https://www.viewlogies.net/higgins/iatKmGunw,349221,"FRIDAY, MAY 6, 03"
https://viewlogies-media.s3-us-west-1.amazonaws.com/logos/allen.png,Allen Mortuary ,/allen,https://www.viewlogies.net/allen/LiWTshWZz,349526,"TUESDAY, MAY 24, 2022"
https://viewlogies-media.s3.us-west-1.amazonaws.com/logos/mount-sinai-logo.png,Mount Sinai Memorial Parks and Mortuary ,/mountsinaiparks,https://www.viewlogies.net/mountsinaiparks/fExq9Ggvd,349957,"WEDNESDAY, SEPTEMBER 28, 2022"
https://viewlogies-media.s3-us-west-1.amazonaws.com/logos/queen-of-heaven-mesa.png,Queen of Heaven Catholic Cemetery & Funeral Home ,/queen-of-heaven-mesa,https://www.viewlogies.net/queen-of-heaven-mesa/ryUcJIYoR,350064,"TUESDAY, DECEMBER 14, 2021"
https://viewlogies-media.s3-us-west-1.amazonaws.com/logos/cypress-lawn.png,Cypress Lawn ,/cypress-lawn,https://www.viewlogies.net/cypress-lawn/x3VEqCvcm,350139,"MONDAY, OCTOBER 3, 2022"
https://viewlogies-media.s3-us-west-1.amazonaws.com/logos/millerdutra.png,Miller Dutra ,/millerdutra,https://www.viewlogies.net/millerdutra/mNDOZwwF_,350394,"MONDAY, OCTOBER 4, 0"
https://viewlogies-media.s3-us-west-1.amazonaws.com/logos/cherokee.png,Cherokee Memorial Park & Funeral Home ,/cherokee,https://www.viewlogies.net/cherokee/VRGOoyjl5,350506,"SUNDAY, OCTOBER 9, 2022"
https://viewlogies-media.s3.us-west-1.amazonaws.com/logos/broussards.png,Broussards Mortuary ,/broussards-major,https://www.viewlogies.net/broussards-major/rSPfugX_s,350532,"FRIDAY, MARCH 4, 03"
https://viewlogies-media.s3.us-west-1.amazonaws.com/logos/diablo-valley.png,Diablo Valley Funeral Home ,/diablo-valley,https://www.viewlogies.net/diablo-valley/EV2haTBaL,350580,"THURSDAY, AUGUST 10, 2023"
https://viewlogies-media.s3-us-west-1.amazonaws.com/logos/evans-brown.png,Evans Brown Mortuaries ,/evans-brown,https://www.viewlogies.net/evans-brown/_ByXTMps3,350662,"WEDNESDAY, APRIL 5, 202"
https://viewlogies-media.s3.us-west-1.amazonaws.com/logos/conejo.png,"Conejo Mountain Funeral Home, Memorial Park & Crematory ",/conejo-mountain,https://www.viewlogies.net/conejo-mountain/AK14izHSv,350696,"SUNDAY, OCTOBER 15, 03"
https://viewlogies-media.s3-us-west-1.amazonaws.com/logos/rivera.png,"Rivera Funerals, Cremations & Memorial Gardens ",/rivera,https://www.viewlogies.net/rivera/7qAO_N0rR,350774,"FRIDAY, JULY 28, 2023"
https://viewlogies-media.s3.us-west-1.amazonaws.com/logos/mount-sinai-logo.png,Mount Sinai Memorial Parks and Mortuary ,/mountsinaiparks,https://www.viewlogies.net/mountsinaiparks/WFZ7OYO-Y,350847,"WEDNESDAY, FEBRUARY 15, 2023"
https://viewlogies-media.s3.us-west-1.amazonaws.com/logos/mount-sinai-logo.png,Mount Sinai Memorial Parks and Mortuary ,/mountsinaiparks,https://www.viewlogies.net/mountsinaiparks/Dx_Hk1WtN,350878,"TUESDAY, FEBRUARY 1, 2023"
https://viewlogies-media.s3.us-west-1.amazonaws.com/logos/mount-sinai-logo.png,Mount Sinai Memorial Parks and Mortuary ,/mountsinaiparks,https://www.viewlogies.net/mountsinaiparks/qymJsYTO3,350950,"SUNDAY, SEPTEMBER 4, 03"
https://viewlogies-media.s3.us-west-1.amazonaws.com/logos/turlock.png,Turlock Memorial Park & Funeral Home ,/turlock,https://www.viewlogies.net/turlock/D3owULFs0,351230,"SATURDAY, MAY 20, 2023"
https://viewlogies-media.s3-us-west-1.amazonaws.com/logos/sso.png,Sneider & Sullivan & O’Connell’s ,/sso,https://www.viewlogies.net/sso/hMo0PxRMQ,351261,"THURSDAY, APRIL 28, 2022"
https://viewlogies-media.s3-us-west-1.amazonaws.com/logos/inglewood.png,Inglewood Park Cemetery ,/inglewood,https://www.viewlogies.net/inglewood/r_lagCJdF,351532,"THURSDAY, FEBRUARY 15, 202"
https://viewlogies-media.s3-us-west-1.amazonaws.com/logos/inglewood.png,Inglewood Park Cemetery ,/inglewood,https://www.viewlogies.net/inglewood/pKqYaP5rX,351607,"FRIDAY, MARCH 17, 2023"
https://viewlogies-media.s3-us-west-1.amazonaws.com/logos/cherokee.png,Cherokee Memorial Park & Funeral Home ,/cherokee,https://www.viewlogies.net/cherokee/ibmvV7V1-,351715,"SATURDAY, OCTOBER 16, 2021"
https://viewlogies-media.s3-us-west-1.amazonaws.com/logos/cypress-lawn.png,Cypress Lawn ,/cypress-lawn,https://www.viewlogies.net/cypress-lawn/yzbqh1xIJ,351905,"TUESDAY, APRIL 11, 2023"
https://viewlogies-media.s3-us-west-1.amazonaws.com/logos/allen.png,Allen Mortuary ,/allen,https://www.viewlogies.net/allen/7PePQVX-J,352381,"FRIDAY, SEPTEMBER 30, 2022"
https://viewlogies-media.s3-us-west-1.amazonaws.com/logos/inglewood.png,Inglewood Park Cemetery ,/inglewood,https://www.viewlogies.net/inglewood/eT_sGrL1E,352842,"FRIDAY, JUNE 2, 2023"
https://viewlogies-media.s3-us-west-1.amazonaws.com/logos/inglewood.png,Inglewood Park Cemetery ,/inglewood,https://www.viewlogies.net/inglewood/TPH_7QBhX,352971,"SATURDAY, JULY 3, 0"
https://viewlogies-media.s3-us-west-1.amazonaws.com/logos/darling-fischer.png,Darling & Fischer ,/darling-fischer,https://www.viewlogies.net/darling-fischer/7Me43EO4Y,353018,"FRIDAY, JANUARY 26, 2024"
https://viewlogies-media.s3.us-west-1.amazonaws.com/logos/beaty-fh.png,Beaty Funeral Home ,/beaty-funeral-home,https://www.viewlogies.net/beaty-funeral-home/nV-YYfBAS,353483,"TUESDAY, AUGUST 29, 202"
https://viewlogies-media.s3-us-west-1.amazonaws.com/logos/cypress-lawn.png,Cypress Lawn ,/cypress-lawn,https://www.viewlogies.net/cypress-lawn/GO3YYVMop,353570,"TUESDAY, MAY 31, 2022"
https://viewlogies-media.s3-us-west-1.amazonaws.com/logos/nunn-and-harper.png,Nunn & Harper Funeral Home ,/nunn-and-harper,https://www.viewlogies.net/nunn-and-harper/l2pbQN7a6,353661,"WEDNESDAY, MARCH 13, 2024"
https://viewlogies-media.s3-us-west-1.amazonaws.com/logos/cypress-lawn.png,Cypress Lawn ,/cypress-lawn,https://www.viewlogies.net/cypress-lawn/iosNjCIu5,353758,"FRIDAY, DECEMBER 15, 202"
https://viewlogies-media.s3-us-west-1.amazonaws.com/logos/sso.png,Sneider & Sullivan & O’Connell’s ,/sso,https://www.viewlogies.net/sso/9X7Jk8g_Z,354000,"SUNDAY, JUNE 4, 2023"
https://viewlogies-media.s3-us-west-1.amazonaws.com/logos/cherokee.png,Cherokee Memorial Park & Funeral Home ,/cherokee,https://www.viewlogies.net/cherokee/O8rxHq34N,354061,"THURSDAY, DECEMBER 7, 2023"
https://viewlogies-media.s3-us-west-1.amazonaws.com/logos/cypress-lawn.png,Cypress Lawn ,/cypress-lawn,https://www.viewlogies.net/cypress-lawn/yVqLk1qs1,354282,"FRIDAY, AUGUST 12, 2022"
https://viewlogies-media.s3.us-west-1.amazonaws.com/logos/beaty-fh.png,Beaty Funeral Home ,/beaty-funeral-home,https://www.viewlogies.net/beaty-funeral-home/MICLRGt8o,354541,"TUESDAY, MAY 30, 03"
https://viewlogies-media.s3.us-west-1.amazonaws.com/logos/beaty-fh.png,Beaty Funeral Home ,/beaty-funeral-home,https://www.viewlogies.net/beaty-funeral-home/x9iFGBo97,354657,"THURSDAY, NOVEMBER 9, 2023"
https://viewlogies-media.s3-us-west-1.amazonaws.com/logos/cypress-lawn.png,Cypress Lawn ,/cypress-lawn,https://www.viewlogies.net/cypress-lawn/_d5KqumHg,354887,"TUESDAY, NOVEMBER 9, 2021"
https://viewlogies-media.s3-us-west-1.amazonaws.com/logos/lesneski.png,Lesneski Mortuary ,/lesneski,https://www.viewlogies.net/lesneski/rwkWIB2W8,355096,"SATURDAY, JULY 16, 2022"
https://viewlogies-media.s3.us-west-1.amazonaws.com/logos/mount-sinai-logo.png,Mount Sinai Memorial Parks and Mortuary ,/mountsinaiparks,https://www.viewlogies.net/mountsinaiparks/qEzxkdNy4,355204,"MONDAY, JANUARY 30, 2023"
https://viewlogies-media.s3-us-west-1.amazonaws.com/logos/cypress-lawn.png,Cypress Lawn ,/cypress-lawn,https://www.viewlogies.net/cypress-lawn/5uWGNUS5Y,355348,"SUNDAY, APRIL 14, 2024"
https://viewlogies-media.s3-us-west-1.amazonaws.com/logos/cherokee.png,Cherokee Memorial Park & Funeral Home ,/cherokee,https://www.viewlogies.net/cherokee/zoq8jPBw_,355373,"THURSDAY, JUNE 2, 2022"
https://viewlogies-media.s3-us-west-1.amazonaws.com/logos/allen.png,Allen Mortuary ,/allen,https://www.viewlogies.net/allen/1scwfOX1T,355477,"MONDAY, JULY 18, 2022"
https://viewlogies-media.s3-us-west-1.amazonaws.com/logos/inglewood.png,Inglewood Park Cemetery ,/inglewood,https://www.viewlogies.net/inglewood/TwkSWHlgU,355699,"FRIDAY, DECEMBER 2, 2022"
https://viewlogies-media.s3-us-west-1.amazonaws.com/logos/cypress-lawn.png,Cypress Lawn ,/cypress-lawn,https://www.viewlogies.net/cypress-lawn/ekWPvSQLY,355889,"SATURDAY, NOVEMBER 11, 202"
https://viewlogies-media.s3-us-west-1.amazonaws.com/logos/fir-lane.png,Fir Lane Memorial Park & Funeral Home ,/fir-lane,https://www.viewlogies.net/fir-lane/zvEfzJWNe,356029,"SATURDAY, APRIL 30, 2022"
https://viewlogies-media.s3-us-west-1.amazonaws.com/logos/cypress-lawn.png,Cypress Lawn ,/cypress-lawn,https://www.viewlogies.net/cypress-lawn/hBToYrVH-,356180,"FRIDAY, MARCH 24, 2023"
https://viewlogies-media.s3-us-west-1.amazonaws.com/logos/allen.png,Allen Mortuary ,/allen,https://www.viewlogies.net/allen/utZ3lhUQD,356294,"FRIDAY, OCTOBER 1, 2022"
https://viewlogies-media.s3-us-west-1.amazonaws.com/logos/sso.png,Sneider & Sullivan & O’Connell’s ,/sso,https://www.viewlogies.net/sso/BQ9F0FCpc,356441,"SATURDAY, APRIL 9, 03"
https://viewlogies-media.s3.us-west-1.amazonaws.com/logos/df-garden.png,Darling & Fischer Garden Chapel ,/darling-fischer-garden,https://www.viewlogies.net/darling-fischer-garden/2--fevhz5,356824,"SATURDAY, NOVEMBER 4, 2023"
https://viewlogies-media.s3-us-west-1.amazonaws.com/logos/cypress-lawn.png,Cypress Lawn ,/cypress-lawn,https://www.viewlogies.net/cypress-lawn/UB5qOE7et,356918,"THURSDAY, DECEMBER 30, 2021"
https://viewlogies-media.s3-us-west-1.amazonaws.com/logos/east-lawn.png,East Lawn ,/east-lawn,https://www.viewlogies.net/east-lawn/WgneoWbN5,357054,"SATURDAY, JANUARY 20, 2024"
https://viewlogies-media.s3-us-west-1.amazonaws.com/logos/carlson.png,Carlson Funeral Home ,/carlson,https://www.viewlogies.net/carlson/mLB-oiAwK,357129,"FRIDAY, AUGUST 26, 2022"
https://viewlogies-media.s3.us-west-1.amazonaws.com/logos/df-garden.png,Darling & Fischer Garden Chapel ,/darling-fischer-garden,https://www.viewlogies.net/darling-fischer-garden/sr_FeNIq7,357544,"THURSDAY, APRIL 11, 04"
https://viewlogies-media.s3-us-west-1.amazonaws.com/logos/wilsons.png,Wilson's Chapel of the Roses ,/wilsons,https://www.viewlogies.net/wilsons/RD-plWeCY,357861,"MONDAY, JANUARY 29, 2024"
https://viewlogies-media.s3.us-west-1.amazonaws.com/logos/df-garden.png,Darling & Fischer Garden Chapel ,/darling-fischer-garden,https://www.viewlogies.net/darling-fischer-garden/Hz771BvJO,358133,"THURSDAY, DECEMBER 17, 2020"
https://viewlogies-media.s3-us-west-1.amazonaws.com/logos/cypress-lawn.png,Cypress Lawn ,/cypress-lawn,https://www.viewlogies.net/cypress-lawn/511q5jZaK,358433,"SATURDAY, DECEMBER 11, 2021"
https://viewlogies-media.s3-us-west-1.amazonaws.com/logos/keizer.png,Keizer Funeral Chapel ,/keizer,https://www.viewlogies.net/keizer/J6bDyqmSy,358720,"SUNDAY, JULY 25, 2021"
https://viewlogies-media.s3-us-west-1.amazonaws.com/logos/cypress-lawn.png,Cypress Lawn ,/cypress-lawn,https://www.viewlogies.net/cypress-lawn/-T4UI1Jl3,358872,"FRIDAY, DECEMBER 10, 2021"
https://viewlogies-media.s3-us-west-1.amazonaws.com/logos/holy-cross-phoenix.png,Holy Cross Catholic Cemetery & Funeral Home ,/holy-cross-phoenix,https://www.viewlogies.net/holy-cross-phoenix/jkWSJfSrn,359184,"SATURDAY, SEPTEMBER 17, 2022"
https://viewlogies-media.s3-us-west-1.amazonaws.com/logos/cypress-lawn.png,Cypress Lawn ,/cypress-lawn,https://www.viewlogies.net/cypress-lawn/1BUC8qMHf,359383,"SUNDAY, JANUARY 15, 2023"
https://viewlogies-media.s3.us-west-1.amazonaws.com/logos/turlock.png,Turlock Memorial Park & Funeral Home ,/turlock,https://www.viewlogies.net/turlock/_n9nnyqQ2,359863,"THURSDAY, MARCH 17, 2022"
https://viewlogies-media.s3-us-west-1.amazonaws.com/logos/cypress-lawn.png,Cypress Lawn ,/cypress-lawn,https://www.viewlogies.net/cypress-lawn/0IITmUkAj,360024,"WEDNESDAY, MARCH 1, 2024"
https://viewlogies-media.s3-us-west-1.amazonaws.com/logos/cypress-lawn.png,Cypress Lawn ,/cypress-lawn,https://www.viewlogies.net/cypress-lawn/k_E6ahS8W,360482,"SATURDAY, APRIL 24, 2021"
https://viewlogies-media.s3-us-west-1.amazonaws.com/logos/crosby.png,Crosby N. Gray & Co. Funeral Home & Cremation Services ,/crosby,https://www.viewlogies.net/crosby/GUtaYMZx7,360628,"THURSDAY, SEPTEMBER , 2021"
https://viewlogies-media.s3-us-west-1.amazonaws.com/logos/inglewood.png,Inglewood Park Cemetery ,/inglewood,https://www.viewlogies.net/inglewood/fqwNZ9pMZ,361156,"THURSDAY, NOVEMBER 30, 2023"
https://viewlogies-media.s3-us-west-1.amazonaws.com/logos/cypress-lawn.png,Cypress Lawn ,/cypress-lawn,https://www.viewlogies.net/cypress-lawn/qHeN16w7F,361348,"THURSDAY, MAY 20, 2021"
https://viewlogies-media.s3-us-west-1.amazonaws.com/logos/inglewood.png,Inglewood Park Cemetery ,/inglewood,https://www.viewlogies.net/inglewood/fY31Bgb18,361383,"FRIDAY, JULY 8, 2022"
https://viewlogies-media.s3-us-west-1.amazonaws.com/logos/evans-brown.png,Evans Brown Mortuaries ,/evans-brown,https://www.viewlogies.net/evans-brown/emt_-euta,361950,"THURSDAY, OCTOBER 5, 2023"
https://viewlogies-media.s3.us-west-1.amazonaws.com/logos/mcafee.png,Thomas McAfee Funeral Homes ,/mcafee,https://www.viewlogies.net/mcafee/3FF1e5rHR,362041,"MONDAY, NOVEMBER 1, 01"
https://viewlogies-media.s3.us-west-1.amazonaws.com/logos/beaty-fh.png,Beaty Funeral Home ,/beaty-funeral-home,https://www.viewlogies.net/beaty-funeral-home/ZSuumadSt,362139,"TUESDAY, MAY 16, 2023"
https://viewlogies-media.s3-us-west-1.amazonaws.com/logos/rivera.png,"Rivera Funerals, Cremations & Memorial Gardens ",/rivera,https://www.viewlogies.net/rivera/XxWCRfAgY,362176,"WEDNESDAY, APRIL 3, 2024"
https://viewlogies-media.s3-us-west-1.amazonaws.com/logos/cypress-lawn.png,Cypress Lawn ,/cypress-lawn,https://www.viewlogies.net/cypress-lawn/H7ThLxcMC,362182,"WEDNESDAY, JANUARY 3, 2024"
https://viewlogies-media.s3-us-west-1.amazonaws.com/logos/cherokee.png,Cherokee Memorial Park & Funeral Home ,/cherokee,https://www.viewlogies.net/cherokee/Tp80GuSuS,362347,"WEDNESDAY, MAY 18, 2022"
https://viewlogies-media.s3-us-west-1.amazonaws.com/logos/inglewood.png,Inglewood Park Cemetery ,/inglewood,https://www.viewlogies.net/inglewood/G7PksIMpy,362469,"FRIDAY, AUGUST 12, 2022"
https://viewlogies-media.s3-us-west-1.amazonaws.com/logos/cypress-lawn.png,Cypress Lawn ,/cypress-lawn,https://www.viewlogies.net/cypress-lawn/7A3S-AQOD,362780,"FRIDAY, JULY 2, 2021"
https://viewlogies-media.s3-us-west-1.amazonaws.com/logos/fir-lane.png,Fir Lane Memorial Park & Funeral Home ,/fir-lane,https://www.viewlogies.net/fir-lane/w8lLU570M,363374,"WEDNESDAY, NOVEMBER 10, 2021"
https://viewlogies-media.s3-us-west-1.amazonaws.com/logos/fremont.png,Fremont Chapel of the Roses & Fremont Memorial Chapel ,/fremont,https://www.viewlogies.net/fremont/0_mc_hjQg,363505,"SUNDAY, OCTOBER 23, 2022"
https://viewlogies-media.s3.us-west-1.amazonaws.com/logos/mount-sinai-logo.png,Mount Sinai Memorial Parks and Mortuary ,/mountsinaiparks,https://www.viewlogies.net/mountsinaiparks/U8Hs8xdPs,363630,"TUESDAY, APRIL 25, 2023"
https://viewlogies-media.s3-us-west-1.amazonaws.com/logos/sso.png,Sneider & Sullivan & O’Connell’s ,/sso,https://www.viewlogies.net/sso/MahQ-oG4n,363758,"SATURDAY, SEPTEMBER 4, 01"
https://viewlogies-media.s3-us-west-1.amazonaws.com/logos/queen-of-heaven-mesa.png,Queen of Heaven Catholic Cemetery & Funeral Home ,/queen-of-heaven-mesa,https://www.viewlogies.net/queen-of-heaven-mesa/MDxnQCNie,364001,"THURSDAY, MARCH 28, 2024"
https://viewlogies-media.s3-us-west-1.amazonaws.com/logos/cypress-lawn.png,Cypress Lawn ,/cypress-lawn,https://www.viewlogies.net/cypress-lawn/A14Q-M5c5,364223,"SUNDAY, MARCH 19, 2023"
https://viewlogies-media.s3.us-west-1.amazonaws.com/logos/duggans.png,Duggan's Serra Mortuary ,/duggans-serra,https://www.viewlogies.net/duggans-serra/UU8RoQs9C,364313,"MONDAY, AUGUST 14, 03"
https://viewlogies-media.s3-us-west-1.amazonaws.com/logos/inglewood.png,Inglewood Park Cemetery ,/inglewood,https://www.viewlogies.net/inglewood/a5icvcOOs,364567,"FRIDAY, APRIL 28, 2023"
https://viewlogies-media.s3-us-west-1.amazonaws.com/logos/cherokee.png,Cherokee Memorial Park & Funeral Home ,/cherokee,https://www.viewlogies.net/cherokee/QUVLLrcXh,364753,"SATURDAY, JANUARY 7, 2023"
,Lesneski Mortuary ,/lesneski,https://www.viewlogies.net/lesneski/NAOZEjDPB,365154,
https://viewlogies-media.s3-us-west-1.amazonaws.com/logos/roses.png,Fremont Chapel of the Roses & Fremont Memorial Chapel ,/fremont,https://www.viewlogies.net/fremont/dNUaTOu4z,365327,"TUESDAY, JANUARY 19, 01"
https://viewlogies-media.s3-us-west-1.amazonaws.com/logos/sso.png,Sneider & Sullivan & O’Connell’s ,/sso,https://www.viewlogies.net/sso/x1WI9_yiM,365440,"MONDAY, JANUARY 23, 2023"
https://viewlogies-media.s3.us-west-1.amazonaws.com/logos/your-logo.png,Test ,/test,https://www.viewlogies.net/test/XrFkWfY01,365695,"TUESDAY, JULY 5, 2022"
https://viewlogies-media.s3-us-west-1.amazonaws.com/logos/allen.png,Allen Mortuary ,/allen,https://www.viewlogies.net/allen/zvbj7yhLz,365732,"TUESDAY, JANUARY 16, 2024"
https://viewlogies-media.s3-us-west-1.amazonaws.com/logos/allen.png,Allen Mortuary ,/allen,https://www.viewlogies.net/allen/5SFdkBeBt,366379,"FRIDAY, SEPTEMBER 30, 2022"
https://viewlogies-media.s3.us-west-1.amazonaws.com/logos/conejo.png,"Conejo Mountain Funeral Home, Memorial Park & Crematory ",/conejo-mountain,https://www.viewlogies.net/conejo-mountain/7sacpu-JA,366522,"SATURDAY, SEPTEMBER 9, 2023"
https://viewlogies-media.s3.us-west-1.amazonaws.com/logos/duggans.png,Duggan's Serra Mortuary ,/duggans-serra,https://www.viewlogies.net/duggans-serra/fag6-_MAG,367039,"FRIDAY, MARCH 31, 2023"
https://viewlogies-media.s3-us-west-1.amazonaws.com/logos/cypress-lawn.png,Cypress Lawn ,/cypress-lawn,https://www.viewlogies.net/cypress-lawn/UQnyQvDCL,367084,"FRIDAY, APRIL 0, 2021"
https://viewlogies-media.s3-us-west-1.amazonaws.com/logos/cypress-lawn.png,Cypress Lawn ,/cypress-lawn,https://www.viewlogies.net/cypress-lawn/-v2vID0A8,367460,"FRIDAY, JANUARY 21, 2022"
https://viewlogies-media.s3-us-west-1.amazonaws.com/logos/evans-brown.png,Evans Brown Mortuaries ,/evans-brown,https://www.viewlogies.net/evans-brown/55U4bDiPf,367736,"THURSDAY, DECEMBER 9, 2021"
https://viewlogies-media.s3-us-west-1.amazonaws.com/logos/spangler.png,Spangler Mortuaries ,/spangler,https://www.viewlogies.net/spangler/brhfCA2ar,367968,"WEDNESDAY, DECEMBER 14, 2022"
https://viewlogies-media.s3.us-west-1.amazonaws.com/logos/mount-sinai-logo.png,Mount Sinai Memorial Parks and Mortuary ,/mountsinaiparks,https://www.viewlogies.net/mountsinaiparks/SzOiGVlhF,368452,"SUNDAY, MAY 21, 202"
https://viewlogies-media.s3.us-west-1.amazonaws.com/logos/mount-sinai-logo.png,Mount Sinai Memorial Parks and Mortuary ,/mountsinaiparks,https://www.viewlogies.net/mountsinaiparks/bvhIUoWbu,368633,"FRIDAY, NOVEMBER 17, 202"
https://viewlogies-media.s3-us-west-1.amazonaws.com/logos/inglewood.png,Inglewood Park Cemetery ,/inglewood,https://www.viewlogies.net/inglewood/OAGMv-BSi,368729,"WEDNESDAY, JANUARY 17, 202"
https://viewlogies-media.s3-us-west-1.amazonaws.com/logos/darling-fischer.png,Darling & Fischer ,/darling-fischer,https://www.viewlogies.net/darling-fischer/tidDEaRZ9,368855,"TUESDAY, APRIL 11, 03"
https://viewlogies-media.s3.us-west-1.amazonaws.com/logos/edr-dm.png,El Camino Memorial ,/el-camino-memorial,https://www.viewlogies.net/el-camino-memorial/qGzqTCSoT,369148,"FRIDAY, SEPTEMBER 8, 202"
https://viewlogies-media.s3-us-west-1.amazonaws.com/logos/allen.png,Allen Mortuary ,/allen,https://www.viewlogies.net/allen/kyV7r_2q6,369205,"TUESDAY, FEBRUARY , 2022"
https://viewlogies-media.s3-us-west-1.amazonaws.com/logos/inglewood.png,Inglewood Park Cemetery ,/inglewood,https://www.viewlogies.net/inglewood/eSLZ0pn-_,369465,"TUESDAY, NOVEMBER 22, 2022"
https://viewlogies-media.s3-us-west-1.amazonaws.com/logos/rivera.png,"Rivera Funerals, Cremations & Memorial Gardens ",/rivera,https://www.viewlogies.net/rivera/Hy5XyTPBs,369577,"WEDNESDAY, SEPTEMBER 15, 2021"
https://viewlogies-media.s3-us-west-1.amazonaws.com/logos/cypress-lawn.png,Cypress Lawn ,/cypress-lawn,https://www.viewlogies.net/cypress-lawn/psLbEVfkY,369694,"WEDNESDAY, DECEMBER 20, 2023"
https://viewlogies-media.s3-us-west-1.amazonaws.com/logos/keizer.png,Keizer Funeral Chapel ,/keizer,https://www.viewlogies.net/keizer/WMdyOL18t,369876,"TUESDAY, JULY 27, 2021"
https://viewlogies-media.s3.us-west-1.amazonaws.com/logos/mount-sinai-logo.png,Mount Sinai Memorial Parks and Mortuary ,/mountsinaiparks,https://www.viewlogies.net/mountsinaiparks/QfwnnTAqs,370072,"MONDAY, JUNE 20, 2022"
https://viewlogies-media.s3-us-west-1.amazonaws.com/logos/cherokee.png,Cherokee Memorial Park & Funeral Home ,/cherokee,https://www.viewlogies.net/cherokee/5Fndy17jc,370348,"FRIDAY, APRIL 16, 2021"
https://viewlogies-media.s3-us-west-1.amazonaws.com/logos/crosby.png,Crosby N. Gray & Co. Funeral Home & Cremation Services ,/crosby,https://www.viewlogies.net/crosby/2WYQKLA-0,370762,"FRIDAY, JANUARY 5, 202"
https://viewlogies-media.s3.us-west-1.amazonaws.com/logos/smith-corcoran-logo.png,Smith Corcoran ,/smith-corcoran,https://www.viewlogies.net/smith-corcoran/FlEyQ_unF,370844,"SATURDAY, SEPTEMBER 2, 2023"
https://viewlogies-media.s3-us-west-1.amazonaws.com/logos/fremont.png,Fremont Chapel of the Roses & Fremont Memorial Chapel ,/fremont,https://www.viewlogies.net/fremont/0GaLGJJQU,371053,"MONDAY, APRIL 26, 202"
https://viewlogies-media.s3.us-west-1.amazonaws.com/logos/diablo-valley.png,Diablo Valley Funeral Home ,/diablo-valley,https://www.viewlogies.net/diablo-valley/VHrzO1M36,371152,"WEDNESDAY, OCTOBER 25, 2023"
https://viewlogies-media.s3-us-west-1.amazonaws.com/logos/cypress-lawn.png,Cypress Lawn ,/cypress-lawn,https://www.viewlogies.net/cypress-lawn/EXq9IUUxS,371364,"SUNDAY, JANUARY 22, 2023"
https://viewlogies-media.s3-us-west-1.amazonaws.com/logos/inglewood.png,Inglewood Park Cemetery ,/inglewood,https://www.viewlogies.net/inglewood/FmO5pMbWP,371417,"WEDNESDAY, MARCH 6, 202"
https://viewlogies-media.s3-us-west-1.amazonaws.com/logos/holy-cross-phoenix.png,Holy Cross Catholic Cemetery & Funeral Home ,/holy-cross-phoenix,https://www.viewlogies.net/holy-cross-phoenix/GDLdxEvT5,371890,"FRIDAY, JANUARY , 2024"
https://viewlogies-media.s3-us-west-1.amazonaws.com/logos/evans-brown.png,Evans Brown Mortuaries ,/evans-brown,https://www.viewlogies.net/evans-brown/FYyky3uQD,371997,"MONDAY, JUNE 7, 2021"
https://viewlogies-media.s3.us-west-1.amazonaws.com/logos/mount-sinai-logo.png,Mount Sinai Memorial Parks and Mortuary ,/mountsinaiparks,https://www.viewlogies.net/mountsinaiparks/KFP2tckLZ,372178,"WEDNESDAY, JUNE 14, 2023"
https://viewlogies-media.s3-us-west-1.amazonaws.com/logos/rivera.png,"Rivera Funerals, Cremations & Memorial Gardens ",/rivera,https://www.viewlogies.net/rivera/pi-ov6X0i,372429,"THURSDAY, APRIL 14, 2022"
https://viewlogies-media.s3-us-west-1.amazonaws.com/logos/cypress-lawn.png,Cypress Lawn ,/cypress-lawn,https://www.viewlogies.net/cypress-lawn/KKWqT_iDS,372710,"THURSDAY, JANUARY 27, 2022"
https://viewlogies-media.s3-us-west-1.amazonaws.com/logos/oakmont.png,Oakmont Memorial Park and Mortuary ,/oakmont,https://www.viewlogies.net/oakmont/I3wGnep9E,373127,"FRIDAY, JANUARY 27, 2023"
https://viewlogies-media.s3.us-west-1.amazonaws.com/logos/mount-sinai-logo.png,Mount Sinai Memorial Parks and Mortuary ,/mountsinaiparks,https://www.viewlogies.net/mountsinaiparks/w0F4xkke3,373477,"SUNDAY, NOVEMBER 6, 2022"
https://viewlogies-media.s3-us-west-1.amazonaws.com/logos/cypress-lawn.png,Cypress Lawn ,/cypress-lawn,https://www.viewlogies.net/cypress-lawn/4gwIhezCv,373771,"FRIDAY, JUNE 2, 2023"
https://viewlogies-media.s3-us-west-1.amazonaws.com/logos/cypress-lawn.png,Cypress Lawn ,/cypress-lawn,https://www.viewlogies.net/cypress-lawn/zg7n7cHBP,373933,"SUNDAY, OCTOBER 23, 2022"
https://viewlogies-media.s3-us-west-1.amazonaws.com/logos/cypress-lawn.png,Cypress Lawn ,/cypress-lawn,https://www.viewlogies.net/cypress-lawn/W5G116xpB,374227,"THURSDAY, SEPTEMBER 21, 202"
https://viewlogies-media.s3-us-west-1.amazonaws.com/logos/holy-cross-phoenix.png,Holy Cross Catholic Cemetery & Funeral Home ,/holy-cross-phoenix,https://www.viewlogies.net/holy-cross-phoenix/6wqjl-egR,374241,"TUESDAY, FEBRUARY 27, 2024"
https://viewlogies-media.s3-us-west-1.amazonaws.com/logos/fremont.png,Fremont Chapel of the Roses & Fremont Memorial Chapel ,/fremont,https://www.viewlogies.net/fremont/0ClOLP620,374748,"WEDNESDAY, NOVEMBER 3, 2021"
https://viewlogies-media.s3-us-west-1.amazonaws.com/logos/cypress-lawn.png,Cypress Lawn ,/cypress-lawn,https://www.viewlogies.net/cypress-lawn/fB9_qolFJ,375274,"MONDAY, JANUARY 9, 2023"
https://viewlogies-media.s3.us-west-1.amazonaws.com/logos/df-garden.png,Darling & Fischer Garden Chapel ,/darling-fischer-garden,https://www.viewlogies.net/darling-fischer-garden/cDqUTrfyo,375295,"WEDNESDAY, JULY 27, 2022"
https://viewlogies-media.s3-us-west-1.amazonaws.com/logos/spangler.png,Spangler Mortuaries ,/spangler,https://www.viewlogies.net/spangler/rYQN-m74H,375577,"SUNDAY, APRIL 3, 03"
https://viewlogies-media.s3-us-west-1.amazonaws.com/logos/cypress-lawn.png,Cypress Lawn ,/cypress-lawn,https://www.viewlogies.net/cypress-lawn/eziDCgU7D,375931,"FRIDAY, NOVEMBER 18, 2022"
https://viewlogies-media.s3-us-west-1.amazonaws.com/logos/fremont.png,Fremont Chapel of the Roses & Fremont Memorial Chapel ,/fremont,https://www.viewlogies.net/fremont/ZrTpp2lpj,376208,"SUNDAY, AUGUST 1, 2021"
https://viewlogies-media.s3-us-west-1.amazonaws.com/logos/cypress-lawn.png,Cypress Lawn ,/cypress-lawn,https://www.viewlogies.net/cypress-lawn/BM4U8L9EN,376375,"MONDAY, FEBRUARY 20, 2023"
https://viewlogies-media.s3-us-west-1.amazonaws.com/logos/cypress-lawn.png,Cypress Lawn ,/cypress-lawn,https://www.viewlogies.net/cypress-lawn/so1XZvPVn,376863,"TUESDAY, MARCH 22, 2022"
https://viewlogies-media.s3-us-west-1.amazonaws.com/logos/allen.png,Allen Mortuary ,/allen,https://www.viewlogies.net/allen/d_UuR9-kW,377002,"MONDAY, SEPTEMBER 20, 2021"
https://viewlogies-media.s3-us-west-1.amazonaws.com/logos/holy-cross-phoenix.png,Holy Cross Catholic Cemetery & Funeral Home ,/holy-cross-phoenix,https://www.viewlogies.net/holy-cross-phoenix/MGXUo4VsZ,377053,"FRIDAY, JANUARY 28, 2022"
https://viewlogies-media.s3-us-west-1.amazonaws.com/logos/cypress-lawn.png,Cypress Lawn ,/cypress-lawn,https://www.viewlogies.net/cypress-lawn/s8DiSkNH0,377239,"WEDNESDAY, NOVEMBER 29, 2023"
https://viewlogies-media.s3.us-west-1.amazonaws.com/logos/df-garden.png,Darling & Fischer Garden Chapel ,/darling-fischer-garden,https://www.viewlogies.net/darling-fischer-garden/zwwTk-NSv,377323,"MONDAY, FEBRUARY 13, 2023"
https://viewlogies-media.s3-us-west-1.amazonaws.com/logos/cypress-lawn.png,Cypress Lawn ,/cypress-lawn,https://www.viewlogies.net/cypress-lawn/0Vb8e75Il,377642,"SATURDAY, JULY 24, 2021"
https://viewlogies-media.s3.us-west-1.amazonaws.com/logos/edr-dm.png,El Camino Memorial ,/el-camino-memorial,https://www.viewlogies.net/el-camino-memorial/So77OpPzb,377866,"SUNDAY, MARCH 19, 202"
https://viewlogies-media.s3.us-west-1.amazonaws.com/logos/mount-sinai-logo.png,Mount Sinai Memorial Parks and Mortuary ,/mountsinaiparks,https://www.viewlogies.net/mountsinaiparks/H9cBaf5Rh,377990,"WEDNESDAY, SEPTEMBER 14, 2022"
https://viewlogies-media.s3-us-west-1.amazonaws.com/logos/ferrara.png,Ferrara Colonial Mortuary ,/ferrara,https://www.viewlogies.net/ferrara/bxafNGQJy,378001,"WEDNESDAY, JANUARY 0, 01"
https://viewlogies-media.s3.us-west-1.amazonaws.com/logos/duggans.png,Duggan's Serra Mortuary ,/duggans-serra,https://www.viewlogies.net/duggans-serra/2m5LUDkJ6,378105,"SUNDAY, JULY 23, 2023"
https://viewlogies-media.s3-us-west-1.amazonaws.com/logos/cypress-lawn.png,Cypress Lawn ,/cypress-lawn,https://www.viewlogies.net/cypress-lawn/NXDpoZPd8,378201,"THURSDAY, JULY 15, 2021"
https://viewlogies-media.s3.us-west-1.amazonaws.com/logos/mount-sinai-logo.png,Mount Sinai Memorial Parks and Mortuary ,/mountsinaiparks,https://www.viewlogies.net/mountsinaiparks/k-OiVMAU9,378528,"SUNDAY, FEBRUARY 4, 2024"
https://viewlogies-media.s3-us-west-1.amazonaws.com/logos/cypress-lawn.png,Cypress Lawn ,/cypress-lawn,https://www.viewlogies.net/cypress-lawn/kHiIobNkr,378593,"THURSDAY, MARCH 28, 2024"
https://viewlogies-media.s3-us-west-1.amazonaws.com/logos/allen.png,Allen Mortuary ,/allen,https://www.viewlogies.net/allen/wCvltteBj,378820,"THURSDAY, NOVEMBER , 202"
https://viewlogies-media.s3-us-west-1.amazonaws.com/logos/allen.png,Allen Mortuary ,/allen,https://www.viewlogies.net/allen/TU9wsxZJy,379257,"FRIDAY, JULY 30, 202"
https://viewlogies-media.s3-us-west-1.amazonaws.com/logos/viewlogies_name_only.png,Hillcrest Memorial Park & Mortuary ,/hillcrest,https://www.viewlogies.net/hillcrest/xPT0rN8t2,379395,"MONDAY, MAY 0, 2022"
https://viewlogies-media.s3-us-west-1.amazonaws.com/logos/cypress-lawn.png,Cypress Lawn ,/cypress-lawn,https://www.viewlogies.net/cypress-lawn/0lPaMrPTC,379585,"THURSDAY, DECEMBER 8, 2022"
https://viewlogies-media.s3.us-west-1.amazonaws.com/logos/mount-sinai-logo.png,Mount Sinai Memorial Parks and Mortuary ,/mountsinaiparks,https://www.viewlogies.net/mountsinaiparks/_NBWdMA3Q,379618,"THURSDAY, JANUARY 4, 2024"
https://viewlogies-media.s3-us-west-1.amazonaws.com/logos/cypress-lawn.png,Cypress Lawn ,/cypress-lawn,https://www.viewlogies.net/cypress-lawn/zCJTCcKYv,379642,"SATURDAY, NOVEMBER 11, 2023"
https://viewlogies-media.s3-us-west-1.amazonaws.com/logos/allen.png,Allen Mortuary ,/allen,https://www.viewlogies.net/allen/KDVcjH-CL,379758,"SATURDAY, FEBRUARY 18, 2023"
https://viewlogies-media.s3-us-west-1.amazonaws.com/logos/cypress-lawn.png,Cypress Lawn ,/cypress-lawn,https://www.viewlogies.net/cypress-lawn/-bi9WTYEV,380513,"FRIDAY, JANUARY , 2022"
https://viewlogies-media.s3.us-west-1.amazonaws.com/logos/conejo.png,"Conejo Mountain Funeral Home, Memorial Park & Crematory ",/conejo-mountain,https://www.viewlogies.net/conejo-mountain/_6Cuel7Ek,380966,"THURSDAY, JUNE 3, 0"
https://viewlogies-media.s3-us-west-1.amazonaws.com/logos/fremont.png,Fremont Chapel of the Roses & Fremont Memorial Chapel ,/fremont,https://www.viewlogies.net/fremont/lt2WSp1Qc,381249,"FRIDAY, SEPTEMBER 7, 202"
https://viewlogies-media.s3.us-west-1.amazonaws.com/logos/mount-sinai-logo.png,Mount Sinai Memorial Parks and Mortuary ,/mountsinaiparks,https://www.viewlogies.net/mountsinaiparks/kEWg1OEzB,381804,"WEDNESDAY, MARCH 29, 2023"
https://viewlogies-media.s3-us-west-1.amazonaws.com/logos/allen.png,Allen Mortuary ,/allen,https://www.viewlogies.net/allen/1XCbqygEX,381921,"THURSDAY, JANUARY 28, 202"
https://viewlogies-media.s3.us-west-1.amazonaws.com/logos/caminodelsol.png,Camino Del Sol ,/caminodelsol,https://www.viewlogies.net/caminodelsol/HmVOLbhJX,382206,"TUESDAY, SEPTEMBER 3, 2022"
https://viewlogies-media.s3-us-west-1.amazonaws.com/logos/inglewood.png,Inglewood Park Cemetery ,/inglewood,https://www.viewlogies.net/inglewood/fc3t6SgbZ,382319,"MONDAY, NOVEMBER 27, 2023"
https://viewlogies-media.s3-us-west-1.amazonaws.com/logos/keizer.png,Keizer Funeral Chapel ,/keizer,https://www.viewlogies.net/keizer/KA2oHSFXa,382670,"MONDAY, NOVEMBER 22, 202"
https://viewlogies-media.s3-us-west-1.amazonaws.com/logos/darling-fischer.png,Darling & Fischer ,/darling-fischer,https://www.viewlogies.net/darling-fischer/GKrf-vILN,382910,"WEDNESDAY, APRIL 7, 0"
https://viewlogies-media.s3.us-west-1.amazonaws.com/logos/mount-sinai-logo.png,Mount Sinai Memorial Parks and Mortuary ,/mountsinaiparks,https://www.viewlogies.net/mountsinaiparks/X39iUp6Fc,383107,"SUNDAY, FEBRUARY , 2023"
https://viewlogies-media.s3-us-west-1.amazonaws.com/logos/higgins.png,Higgins Mortuary ,/higgins,https://www.viewlogies.net/higgins/sdUvccaBk,383635,"THURSDAY, AUGUST 17, 2023"
https://viewlogies-media.s3.us-west-1.amazonaws.com/logos/mount-sinai-logo.png,Mount Sinai Memorial Parks and Mortuary ,/mountsinaiparks,https://www.viewlogies.net/mountsinaiparks/02bBDsG0k,383693,"SUNDAY, SEPTEMBER 17, 03"
https://viewlogies-media.s3-us-west-1.amazonaws.com/logos/east-lawn.png,East Lawn - East Sac ,/east-lawn-east-sac,https://www.viewlogies.net/east-lawn-east-sac/5rvtQQJKK,383881,"WEDNESDAY, JANUARY 4, 2023"
https://viewlogies-media.s3-us-west-1.amazonaws.com/logos/darling-fischer.png,Darling & Fischer ,/darling-fischer,https://www.viewlogies.net/darling-fischer/5ifawWZus,384128,"MONDAY, DECEMBER 28, 2020"
https://viewlogies-media.s3-us-west-1.amazonaws.com/logos/crosby.png,Crosby N. Gray & Co. Funeral Home & Cremation Services ,/crosby,https://www.viewlogies.net/crosby/KptmItPbc,384593,"MONDAY, NOVEMBER 22, 202"
https://viewlogies-media.s3.us-west-1.amazonaws.com/logos/GilbertMemorialPark-Logo.png,Gilbert Memorial Park Cemetery Funeral Home by Bunker Family ,/gilbert-memorial-park,https://www.viewlogies.net/gilbert-memorial-park/1ptUI45bS,385095,"SATURDAY, OCTOBER 8, 2022"
https://viewlogies-media.s3-us-west-1.amazonaws.com/logos/cypress-lawn.png,Cypress Lawn ,/cypress-lawn,https://www.viewlogies.net/cypress-lawn/7s-ZambbF,385305,"WEDNESDAY, SEPTEMBER , 2022"
https://viewlogies-media.s3-us-west-1.amazonaws.com/logos/cypress-lawn.png,Cypress Lawn ,/cypress-lawn,https://www.viewlogies.net/cypress-lawn/Y1rPhPCyH,385563,"THURSDAY, MAY 27, 2021"
https://viewlogies-media.s3-us-west-1.amazonaws.com/logos/coastal.png,Coastal Funeral Center ,/coastal,https://www.viewlogies.net/coastal/0zi2zOFmi,385663,"SATURDAY, MAY 13, 2023"
https://viewlogies-media.s3-us-west-1.amazonaws.com/logos/cypress-lawn.png,Cypress Lawn ,/cypress-lawn,https://www.viewlogies.net/cypress-lawn/1xjhwcjsQ,385798,"SATURDAY, OCTOBER 22, 2022"
https://viewlogies-media.s3.us-west-1.amazonaws.com/logos/your-logo.png,Test ,/test,https://www.viewlogies.net/test/8gPJaJZ2o,385922,"WEDNESDAY, APRIL 6, 0"
https://viewlogies-media.s3-us-west-1.amazonaws.com/logos/roses.png,Fremont Chapel of the Roses & Fremont Memorial Chapel ,/fremont,https://www.viewlogies.net/fremont/oTKCexujw,386076,"SATURDAY, SEPTEMBER 25, 2021"
,Allen Mortuary ,/allen,https://www.viewlogies.net/allen/SjJ4jdLej,386108,
https://viewlogies-media.s3-us-west-1.amazonaws.com/logos/fremont.png,Fremont Chapel of the Roses & Fremont Memorial Chapel ,/fremont,https://www.viewlogies.net/fremont/HRakUjkLi,386510,"SATURDAY, NOVEMBER 11, 2023"
https://viewlogies-media.s3-us-west-1.amazonaws.com/logos/east-lawn.png,East Lawn - Greenback ,/east-lawn-greenback,https://www.viewlogies.net/east-lawn-greenback/UEXUSRqAV,386610,"FRIDAY, SEPTEMBER 30, 0"
https://viewlogies-media.s3-us-west-1.amazonaws.com/logos/viewlogies_name_only.png,Memory Gardens Mortuary ,/memory,https://www.viewlogies.net/memory/7geUOE002,386894,"WEDNESDAY, FEBRUARY 8, 2023"
https://viewlogies-media.s3.us-west-1.amazonaws.com/logos/holy-cross-colma.png,Holy Cross Catholic Cemetery ,/holy-cross-cemeteries,https://www.viewlogies.net/holy-cross-cemeteries/B8ym_Ne6h,387169,"THURSDAY, NOVEMBER , 03"
https://viewlogies-media.s3-us-west-1.amazonaws.com/logos/cypress-lawn.png,Cypress Lawn ,/cypress-lawn,https://www.viewlogies.net/cypress-lawn/nRCLNBdII,387322,"SATURDAY, AUGUST 26, 2023"
https://viewlogies-media.s3.us-west-1.amazonaws.com/logos/beaty-fh.png,Beaty Funeral Home ,/beaty-funeral-home,https://www.viewlogies.net/beaty-funeral-home/lv_MVkmjQ,387482,"MONDAY, JUNE 1, 03"
https://viewlogies-media.s3-us-west-1.amazonaws.com/logos/east-lawn.png,East Lawn - East Sac ,/east-lawn-east-sac,https://www.viewlogies.net/east-lawn-east-sac/dULvbK5pH,387912,"THURSDAY, MARCH 21, 2024"
https://viewlogies-media.s3-us-west-1.amazonaws.com/logos/cherokee.png,Cherokee Memorial Park & Funeral Home ,/cherokee,https://www.viewlogies.net/cherokee/6aMKN3qdZ,388404,"SUNDAY, MARCH 27, 2022"
https://viewlogies-media.s3-us-west-1.amazonaws.com/logos/cypress-lawn.png,Cypress Lawn ,/cypress-lawn,https://www.viewlogies.net/cypress-lawn/YtMWkpJbg,388567,"FRIDAY, DECEMBER 3, 2021"
https://viewlogies-media.s3-us-west-1.amazonaws.com/logos/allen.png,Allen Mortuary ,/allen,https://www.viewlogies.net/allen/iF_OqvCLQ,388725,"SATURDAY, SEPTEMBER 2, 2022"
https://viewlogies-media.s3-us-west-1.amazonaws.com/logos/holy-cross-phoenix.png,Holy Cross Catholic Cemetery & Funeral Home ,/holy-cross-phoenix,https://www.viewlogies.net/holy-cross-phoenix/O7bsGeXMP,388864,"SATURDAY, JUNE 4, 2022"
https://viewlogies-media.s3-us-west-1.amazonaws.com/logos/queen-of-heaven-mesa.png,Queen of Heaven Catholic Cemetery & Funeral Home ,/queen-of-heaven-mesa,https://www.viewlogies.net/queen-of-heaven-mesa/xqNzTuWOv,389050,"MONDAY, OCTOBER 3, 2022"
https://viewlogies-media.s3-us-west-1.amazonaws.com/logos/holy-cross-phoenix.png,Holy Cross Catholic Cemetery & Funeral Home ,/holy-cross-phoenix,https://www.viewlogies.net/holy-cross-phoenix/5fsda_2nP,389216,"THURSDAY, FEBRUARY 2, 202"
https://viewlogies-media.s3-us-west-1.amazonaws.com/logos/holy-cross-phoenix.png,Holy Cross Catholic Cemetery & Funeral Home ,/holy-cross-phoenix,https://www.viewlogies.net/holy-cross-phoenix/xWmpkU9X8,389440,"FRIDAY, AUGUST 6, 2021"
,Cypress Lawn ,/cypress-lawn,https://www.viewlogies.net/cypress-lawn/3aa0rWYak,389574,
https://viewlogies-media.s3.us-west-1.amazonaws.com/logos/turlock.png,Turlock Memorial Park & Funeral Home ,/turlock,https://www.viewlogies.net/turlock/H1GUl6WTt,389632,"FRIDAY, JULY 16, 2021"
https://viewlogies-media.s3-us-west-1.amazonaws.com/logos/east-lawn.png,East Lawn - Greenback ,/east-lawn-greenback,https://www.viewlogies.net/east-lawn-greenback/WlZ3HJ66r,389897,"FRIDAY, APRIL 21, 202"
https://viewlogies-media.s3-us-west-1.amazonaws.com/logos/higgins.png,Higgins Mortuary ,/higgins,https://www.viewlogies.net/higgins/6ckFbYocc,390018,"WEDNESDAY, JUNE 14, 03"
https://viewlogies-media.s3.us-west-1.amazonaws.com/logos/mount-sinai-logo.png,Mount Sinai Memorial Parks and Mortuary ,/mountsinaiparks,https://www.viewlogies.net/mountsinaiparks/U6drtL8sM,390260,"SUNDAY, JANUARY 8, 2023"
https://viewlogies-media.s3.us-west-1.amazonaws.com/logos/smith-corcoran-logo.png,Smith Corcoran ,/smith-corcoran,https://www.viewlogies.net/smith-corcoran/vCjE8iYYl,390930,"THURSDAY, MAY 25, 2023"
https://viewlogies-media.s3-us-west-1.amazonaws.com/logos/inglewood.png,Inglewood Park Cemetery ,/inglewood,https://www.viewlogies.net/inglewood/vCNfST93a,390996,"THURSDAY, SEPTEMBER 21, 2023"
https://viewlogies-media.s3-us-west-1.amazonaws.com/logos/cypress-lawn.png,Cypress Lawn ,/cypress-lawn,https://www.viewlogies.net/cypress-lawn/_GRFy4b_3,391531,"SUNDAY, NOVEMBER 21, 2021"
https://viewlogies-media.s3-us-west-1.amazonaws.com/logos/allen.png,Allen Mortuary ,/allen,https://www.viewlogies.net/allen/-HD3eA686,391896,"FRIDAY, OCTOBER 6, 2023"
https://viewlogies-media.s3-us-west-1.amazonaws.com/logos/cypress-lawn.png,Cypress Lawn ,/cypress-lawn,https://www.viewlogies.net/cypress-lawn/moq9GEWct,392039,"FRIDAY, FEBRUARY 19, 2021"
https://viewlogies-media.s3-us-west-1.amazonaws.com/logos/sso.png,Sneider & Sullivan & O’Connell’s ,/sso,https://www.viewlogies.net/sso/A-2bo4wEh,392132,"SATURDAY, MARCH 5, 2022"
https://viewlogies-media.s3-us-west-1.amazonaws.com/logos/allen.png,Allen Mortuary ,/allen,https://www.viewlogies.net/allen/1CNggE43x,392322,"SATURDAY, APRIL 22, 2023"
https://viewlogies-media.s3.us-west-1.amazonaws.com/logos/smith-corcoran-logo.png,Smith Corcoran ,/smith-corcoran,https://www.viewlogies.net/smith-corcoran/qQpCWxPxN,392734,"SATURDAY, AUGUST 19, 202"
https://viewlogies-media.s3-us-west-1.amazonaws.com/logos/cypress-lawn.png,Cypress Lawn ,/cypress-lawn,https://www.viewlogies.net/cypress-lawn/ZMV9YemD9,393068,"THURSDAY, DECEMBER 2, 2023"
https://viewlogies-media.s3-us-west-1.amazonaws.com/logos/sso.png,Sneider & Sullivan & O’Connell’s ,/sso,https://www.viewlogies.net/sso/AnFSr2DqT,393601,"SATURDAY, MARCH 9, 2024"
https://viewlogies-media.s3-us-west-1.amazonaws.com/logos/cypress-lawn.png,Cypress Lawn ,/cypress-lawn,https://www.viewlogies.net/cypress-lawn/fpSRuBJZn,394007,"THURSDAY, SEPTEMBER 14, 2023"
https://viewlogies-media.s3-us-west-1.amazonaws.com/logos/cypress-lawn.png,Cypress Lawn ,/cypress-lawn,https://www.viewlogies.net/cypress-lawn/Ibp0vHcUD,394432,"WEDNESDAY, AUGUST 4, 2021"
https://viewlogies-media.s3-us-west-1.amazonaws.com/logos/sinai.png,Sinai ,/sinai,https://www.viewlogies.net/sinai/qFj71aszN,394649,"WEDNESDAY, MAY 1, 01"
https://viewlogies-media.s3-us-west-1.amazonaws.com/logos/cypress-lawn.png,Cypress Lawn ,/cypress-lawn,https://www.viewlogies.net/cypress-lawn/DxA-Kvtk3,394869,"TUESDAY, NOVEMBER 14, 2023"
https://viewlogies-media.s3-us-west-1.amazonaws.com/logos/cypress-lawn.png,Cypress Lawn ,/cypress-lawn,https://www.viewlogies.net/cypress-lawn/uEYwowjKU,394980,"FRIDAY, OCTOBER 13, 2023"
https://viewlogies-media.s3-us-west-1.amazonaws.com/logos/darling-fischer.png,Darling & Fischer ,/darling-fischer,https://www.viewlogies.net/darling-fischer/UTd7caXxk,395316,"WEDNESDAY, DECEMBER 13, 2023"
https://viewlogies-media.s3-us-west-1.amazonaws.com/logos/cypress-lawn.png,Cypress Lawn ,/cypress-lawn,https://www.viewlogies.net/cypress-lawn/HuCpLR5bK,395543,"MONDAY, DECEMBER 5, 2022"
https://viewlogies-media.s3-us-west-1.amazonaws.com/logos/cypress-lawn.png,Cypress Lawn ,/cypress-lawn,https://www.viewlogies.net/cypress-lawn/tWbu3793O,395820,"THURSDAY, APRIL 6, 202"
https://viewlogies-media.s3.us-west-1.amazonaws.com/logos/edr-dm.png,El Camino Memorial ,/el-camino-memorial,https://www.viewlogies.net/el-camino-memorial/5USGi6Mcm,395958,"THURSDAY, MAY 4, 2023"
https://viewlogies-media.s3.us-west-1.amazonaws.com/logos/mount-sinai-logo.png,Mount Sinai Memorial Parks and Mortuary ,/mountsinaiparks,https://www.viewlogies.net/mountsinaiparks/OhrS70Lwr,396001,"FRIDAY, JULY 7, 2023"
https://viewlogies-media.s3-us-west-1.amazonaws.com/logos/cypress-lawn.png,Cypress Lawn ,/cypress-lawn,https://www.viewlogies.net/cypress-lawn/xIE-3J6HK,396358,"FRIDAY, OCTOBER 29, 2021"
https://viewlogies-media.s3-us-west-1.amazonaws.com/logos/sso.png,Sneider & Sullivan & O’Connell’s ,/sso,https://www.viewlogies.net/sso/lpYCDO76F,396400,"THURSDAY, DECEMBER 9, 2021"
https://viewlogies-media.s3.us-west-1.amazonaws.com/logos/conejo.png,"Conejo Mountain Funeral Home, Memorial Park & Crematory ",/conejo-mountain,https://www.viewlogies.net/conejo-mountain/3yRyATHyJ,396508,"MONDAY, MARCH 25, 202"
https://viewlogies-media.s3-us-west-1.amazonaws.com/logos/darling-fischer.png,Darling & Fischer ,/darling-fischer,https://www.viewlogies.net/darling-fischer/e2vz7AH8R,396770,"FRIDAY, JANUARY 15, 2021"
https://viewlogies-media.s3-us-west-1.amazonaws.com/logos/cypress-lawn.png,Cypress Lawn ,/cypress-lawn,https://www.viewlogies.net/cypress-lawn/0bNGyE9k4,396957,"FRIDAY, APRIL 14, 2023"
https://viewlogies-media.s3.us-west-1.amazonaws.com/logos/mcafee.png,Thomas McAfee Funeral Homes ,/mcafee,https://www.viewlogies.net/mcafee/5doaM4Xac,397471,"THURSDAY, MAY 5, 2022"
https://viewlogies-media.s3-us-west-1.amazonaws.com/logos/cypress-lawn.png,Cypress Lawn ,/cypress-lawn,https://www.viewlogies.net/cypress-lawn/Q9251TWZq,397757,"FRIDAY, MARCH 3, 2023"
https://viewlogies-media.s3-us-west-1.amazonaws.com/logos/holy-cross-phoenix.png,Holy Cross Catholic Cemetery & Funeral Home ,/holy-cross-phoenix,https://www.viewlogies.net/holy-cross-phoenix/haQA3OtcF,398095,"WEDNESDAY, DECEMBER 20, 2023"
https://viewlogies-media.s3-us-west-1.amazonaws.com/logos/allen.png,Allen Mortuary ,/allen,https://www.viewlogies.net/allen/9ktC-qN4g,398640,"SATURDAY, APRIL 23, 2022"
https://viewlogies-media.s3-us-west-1.amazonaws.com/logos/cypress-lawn.png,Cypress Lawn ,/cypress-lawn,https://www.viewlogies.net/cypress-lawn/wr3hIFQvV,398955,"FRIDAY, APRIL 16, 2021"
https://viewlogies-media.s3-us-west-1.amazonaws.com/logos/cypress-lawn.png,Cypress Lawn ,/cypress-lawn,https://www.viewlogies.net/cypress-lawn/iXND--X8O,399096,"FRIDAY, SEPTEMBER 0, 2022"
https://viewlogies-media.s3-us-west-1.amazonaws.com/logos/fremont.png,Fremont Chapel of the Roses & Fremont Memorial Chapel ,/fremont,https://www.viewlogies.net/fremont/tKwPwPhIl,399121,"WEDNESDAY, AUGUST 3, 2022"
https://viewlogies-media.s3-us-west-1.amazonaws.com/logos/spangler.png,Spangler Mortuaries ,/spangler,https://www.viewlogies.net/spangler/PhvR6ngjz,399207,"TUESDAY, JANUARY 2, 2024"
https://viewlogies-media.s3-us-west-1.amazonaws.com/logos/spangler.png,Spangler Mortuaries ,/spangler,https://www.viewlogies.net/spangler/7FYqya1sR,399456,"FRIDAY, JUNE 2, 2023"
https://viewlogies-media.s3-us-west-1.amazonaws.com/logos/cypress-lawn.png,Cypress Lawn ,/cypress-lawn,https://www.viewlogies.net/cypress-lawn/DCti7T828,399986,"SUNDAY, JULY 2, 2023"
